rank,artist,title,date,hitTF
1,Mariah Carey,All I Want For Christmas Is You,2021-01-02,1
2,Brenda Lee,Rockin' Around The Christmas Tree,2021-01-02,1
3,Bobby Helms,Jingle Bell Rock,2021-01-02,1
4,Burl Ives,A Holly Jolly Christmas,2021-01-02,1
5,Andy Williams,It's The Most Wonderful Time Of The Year,2021-01-02,1
6,Jose Feliciano,Feliz Navidad,2021-01-02,1
7,24kGoldn Featuring iann dior,Mood,2021-01-02,1
8,Dean Martin,"Let It Snow, Let It Snow, Let It Snow",2021-01-02,1
9,Wham!,Last Christmas,2021-01-02,1
10,Chuck Berry,Run Rudolph Run,2021-01-02,1
11,Nat King Cole,The Christmas Song (Merry Christmas To You),2021-01-02,1
12,Kelly Clarkson,Underneath The Tree,2021-01-02,1
13,The Ronettes,Sleigh Ride,2021-01-02,1
14,Ariana Grande,Positions,2021-01-02,1
15,Perry Como And The Fontane Sisters With Mitchell Ayres And His Orchestra,It's Beginning To Look A Lot Like Christmas,2021-01-02,1
16,Gene Autry,Rudolph The Red-Nosed Reindeer,2021-01-02,1
17,Ariana Grande,Santa Tell Me,2021-01-02,1
18,Andy Williams,Happy Holiday / The Holiday Season,2021-01-02,1
19,Darlene Love,Christmas (Baby Please Come Home),2021-01-02,1
20,Bing Crosby,White Christmas,2021-01-02,1
21,Justin Bieber Featuring Chance The Rapper,Holy,2021-01-02,1
22,Perry Como,(There's No Place Like) Home For The Holidays,2021-01-02,1
23,Michael Buble,It's Beginning To Look A Lot Like Christmas,2021-01-02,1
24,Chris Brown & Young Thug,Go Crazy,2021-01-02,1
25,Drake Featuring Lil Durk,Laugh Now Cry Later,2021-01-02,1
26,Gene Autry,Here Comes Santa Claus (Right Down Santa Claus Lane),2021-01-02,1
27,Dua Lipa Featuring DaBaby,Levitating,2021-01-02,1
28,Paul McCartney,Wonderful Christmastime,2021-01-02,1
29,Pop Smoke Featuring Lil Baby & DaBaby,For The Night,2021-01-02,1
30,Gabby Barrett Featuring Charlie Puth,I Hope,2021-01-02,1
31,Internet Money & Gunna Featuring Don Toliver & NAV,Lemonade,2021-01-02,1
32,Thurl Ravenscroft,"You're A Mean One, Mr. Grinch",2021-01-02,1
33,Elvis Presley,Blue Christmas,2021-01-02,1
34,Bad Bunny & Jhay Cortez,Dakiti,2021-01-02,1
35,Megan Thee Stallion,Body,2021-01-02,1
36,Bing Crosby & The Andrews Sisters,Mele Kalikimaka (Merry Christmas),2021-01-02,1
37,AJR,Bang!,2021-01-02,1
38,Taylor Swift,Willow,2021-01-02,1
39,Donny Hathaway,This Christmas,2021-01-02,1
40,Ariana Grande,34+35,2021-01-02,1
41,Ava Max,Kings & Queens,2021-01-02,1
42,Billie Eilish,Therefore I Am,2021-01-02,1
43,Nat King Cole,Deck The Halls,2021-01-02,1
44,BTS,Dynamite,2021-01-02,1
45,Eagles,Please Come Home For Christmas,2021-01-02,1
46,Jackson 5,Santa Claus Is Comin' To Town,2021-01-02,1
47,The Beach Boys,Little Saint Nick,2021-01-02,1
48,Dan + Shay,Take Me Home For Christmas,2021-01-02,1
49,Michael Buble,Have Yourself A Merry Little Christmas,2021-01-02,1
50,Bing Crosby,I'll Be Home For Christmas,2021-01-02,1
51,Pop Smoke,What You Know Bout Love,2021-01-02,1
52,CJ,Whoopty,2021-01-02,1
53,Justin Bieber & benny blanco,Lonely,2021-01-02,1
54,Carrie Underwood & John Legend,Hallelujah,2021-01-02,1
55,Cardi B Featuring Megan Thee Stallion,WAP,2021-01-02,1
56,Lil Nas X,Holiday,2021-01-02,1
57,Luke Combs,Better Together,2021-01-02,1
58,Lil Baby,On Me,2021-01-02,1
59,Ed Sheeran,Afterglow,2021-01-02,1
60,Eminem,Gnat,2021-01-02,1
61,Justin Bieber,Rockin' Around The Christmas Tree,2021-01-02,1
62,Carrie Underwood,Favorite Time Of Year,2021-01-02,1
63,Maluma & The Weeknd,Hawai,2021-01-02,1
64,Shawn Mendes & Justin Bieber,Monster,2021-01-02,1
65,Sam Smith,Diamonds,2021-01-02,1
66,Chris Stapleton,Starting Over,2021-01-02,1
67,Megan Thee Stallion Featuring DaBaby,Cry Baby,2021-01-02,1
68,Tate McRae,You Broke Me First.,2021-01-02,1
69,Machine Gun Kelly X blackbear,My Ex's Best Friend,2021-01-02,1
70,The Kid LAROI,Without You,2021-01-02,1
71,Chris Lane,"Big, Big Plans",2021-01-02,1
72,21 Savage & Metro Boomin Featuring Drake,Mr. Right Now,2021-01-02,1
73,Luke Combs,Forever After All,2021-01-02,1
74,BRS Kash,Throat Baby (Go Baby),2021-01-02,1
75,Kelly Clarkson & Brett Eldredge,Under The Mistletoe,2021-01-02,1
76,Jack Harlow,Tyler Herro,2021-01-02,1
77,Taylor Swift,Champagne Problems,2021-01-02,1
78,Gabby Barrett,The First Noel,2021-01-02,1
79,Russell Dickerson,Love You Like I Used To,2021-01-02,1
80,Lady A,Champagne Night,2021-01-02,1
81,Miley Cyrus Featuring Dua Lipa,Prisoner,2021-01-02,1
82,Niko Moon,Good Time,2021-01-02,1
83,Morgan Wallen,7 Summers,2021-01-02,1
84,Popp Hunna,Adderall (Corvette Corvette),2021-01-02,1
85,Yung Bleu Featuring Drake,You're Mines Still,2021-01-02,1
86,Kid Cudi,Tequila Shots,2021-01-02,1
87,Saweetie Featuring Jhene Aiko,Back To The Streets,2021-01-02,1
88,Karol G,Bichota,2021-01-02,1
89,Jack Harlow Featuring Big Sean,Way Out,2021-01-02,1
90,SZA Featuring Ty Dolla $ign,Hit Different,2021-01-02,1
91,Taylor Swift,'Tis The Damn Season,2021-01-02,1
92,H.E.R.,Damage,2021-01-02,1
93,Lil Durk,Backdoor,2021-01-02,1
94,Carrie Underwood,Silent Night,2021-01-02,1
95,Harry Styles,Golden,2021-01-02,1
96,Kelsea Ballerini,Hole In The Bottle,2021-01-02,1
97,Taylor Swift Featuring HAIM,"No Body, No Crime",2021-01-02,1
98,DDG,Moonwalking In Calabasas,2021-01-02,1
99,King Von,Took Her To The O,2021-01-02,1
100,Ritt Momney,Put Your Records On,2021-01-02,1
1,24kGoldn Featuring iann dior,Mood,2021-01-09,1
2,Ariana Grande,Positions,2021-01-09,1
3,The Weeknd,Blinding Lights,2021-01-09,1
4,Justin Bieber Featuring Chance The Rapper,Holy,2021-01-09,1
5,BTS,Dynamite,2021-01-09,1
6,Chris Brown & Young Thug,Go Crazy,2021-01-09,1
7,Drake Featuring Lil Durk,Laugh Now Cry Later,2021-01-09,1
8,Gabby Barrett Featuring Charlie Puth,I Hope,2021-01-09,1
9,Mariah Carey,All I Want For Christmas Is You,2021-01-09,1
10,Dua Lipa Featuring DaBaby,Levitating,2021-01-09,1
11,AJR,Bang!,2021-01-09,1
12,Brenda Lee,Rockin' Around The Christmas Tree,2021-01-09,1
13,Pop Smoke Featuring Lil Baby & DaBaby,For The Night,2021-01-09,1
14,Internet Money & Gunna Featuring Don Toliver & NAV,Lemonade,2021-01-09,1
15,Bobby Helms,Jingle Bell Rock,2021-01-09,1
16,Ava Max,Kings & Queens,2021-01-09,1
17,Burl Ives,A Holly Jolly Christmas,2021-01-09,1
18,Billie Eilish,Therefore I Am,2021-01-09,1
19,Ariana Grande,34+35,2021-01-09,1
20,Bad Bunny & Jhay Cortez,Dakiti,2021-01-09,1
21,Megan Thee Stallion,Body,2021-01-09,1
22,Pop Smoke,What You Know Bout Love,2021-01-09,1
23,Taylor Swift,Willow,2021-01-09,1
24,Luke Combs,Better Together,2021-01-09,1
25,Justin Bieber & benny blanco,Lonely,2021-01-09,1
26,DaBaby Featuring Roddy Ricch,Rockstar,2021-01-09,1
27,CJ,Whoopty,2021-01-09,1
28,Andy Williams,It's The Most Wonderful Time Of The Year,2021-01-09,1
29,Chuck Berry,Run Rudolph Run,2021-01-09,1
30,Lewis Capaldi,Before You Go,2021-01-09,1
31,Jawsh 685 x Jason Derulo,Savage Love (Laxed - Siren Beat),2021-01-09,1
32,Ed Sheeran,Afterglow,2021-01-09,1
33,Morgan Wallen,More Than My Hometown,2021-01-09,1
34,"Jack Harlow Featuring DaBaby, Tory Lanez & Lil Wayne",Whats Poppin,2021-01-09,1
35,Chris Stapleton,Starting Over,2021-01-09,1
36,Cardi B Featuring Megan Thee Stallion,WAP,2021-01-09,1
37,Dan + Shay,I Should Probably Go To Bed,2021-01-09,1
38,SZA,Good Days,2021-01-09,1
39,Jose Feliciano,Feliz Navidad,2021-01-09,1
40,Parker McCollum,Pretty Heart,2021-01-09,1
41,Dean Martin,"Let It Snow, Let It Snow, Let It Snow",2021-01-09,1
42,Blake Shelton Featuring Gwen Stefani,Happy Anywhere,2021-01-09,1
43,Lil Nas X,Holiday,2021-01-09,1
44,Nat King Cole,The Christmas Song (Merry Christmas To You),2021-01-09,1
45,Shawn Mendes & Justin Bieber,Monster,2021-01-09,1
46,Sam Smith,Diamonds,2021-01-09,1
47,Harry Styles,Watermelon Sugar,2021-01-09,1
48,Lil Baby,On Me,2021-01-09,1
49,Maluma & The Weeknd,Hawai,2021-01-09,1
50,Kelly Clarkson,Underneath The Tree,2021-01-09,1
51,Tate McRae,You Broke Me First.,2021-01-09,1
52,Lady A,Champagne Night,2021-01-09,1
53,Lil Durk & King Von,Still Trappin',2021-01-09,1
54,Chris Lane,"Big, Big Plans",2021-01-09,1
55,Luke Combs,Forever After All,2021-01-09,1
56,Machine Gun Kelly X blackbear,My Ex's Best Friend,2021-01-09,1
57,Megan Thee Stallion Featuring DaBaby,Cry Baby,2021-01-09,1
58,Kelsea Ballerini,Hole In The Bottle,2021-01-09,1
59,Jhene Aiko Featuring H.E.R.,B.S.,2021-01-09,1
60,Russell Dickerson,Love You Like I Used To,2021-01-09,1
61,Niko Moon,Good Time,2021-01-09,1
62,Lil Durk,Backdoor,2021-01-09,1
63,Morgan Wallen,7 Summers,2021-01-09,1
64,21 Savage & Metro Boomin Featuring Drake,Mr. Right Now,2021-01-09,1
65,The Kid LAROI,Without You,2021-01-09,1
66,BRS Kash,Throat Baby (Go Baby),2021-01-09,1
67,Miley Cyrus Featuring Dua Lipa,Prisoner,2021-01-09,1
68,Jack Harlow,Tyler Herro,2021-01-09,1
69,Yung Bleu Featuring Drake,You're Mines Still,2021-01-09,1
70,SZA Featuring Ty Dolla $ign,Hit Different,2021-01-09,1
71,Lil Durk,Redman,2021-01-09,1
72,Playboi Carti,Slay3r,2021-01-09,1
73,"Lil Durk, 6LACK & Young Thug",Stay Down,2021-01-09,1
74,Popp Hunna,Adderall (Corvette Corvette),2021-01-09,1
75,Harry Styles,Golden,2021-01-09,1
76,Darius Rucker,Beers And Sunshine,2021-01-09,1
77,Saweetie Featuring Jhene Aiko,Back To The Streets,2021-01-09,1
78,H.E.R.,Damage,2021-01-09,1
79,Jason Derulo,Take You Dancing,2021-01-09,1
80,Thomas Rhett,What's Your Country Song,2021-01-09,1
81,Miley Cyrus,Midnight Sky,2021-01-09,1
82,Playboi Carti Featuring Kanye West,Go2DaMoon,2021-01-09,1
83,Jon Pardi,Ain't Always The Cowboy,2021-01-09,1
84,Ritt Momney,Put Your Records On,2021-01-09,1
85,Karol G,Bichota,2021-01-09,1
86,Lil Durk,Refugee,2021-01-09,1
87,Kenny Chesney,Happy Does,2021-01-09,1
88,All Time Low Featuring Demi Lovato & blackbear ,Monsters,2021-01-09,1
89,Dan + Shay,Take Me Home For Christmas,2021-01-09,1
90,Playboi Carti,Vamp Anthem,2021-01-09,1
91,Luke Bryan,Down To One,2021-01-09,1
92,Playboi Carti,New N3on,2021-01-09,1
93,Lil Durk,Death Ain't Easy,2021-01-09,1
94,King Von,Took Her To The O,2021-01-09,1
95,The Weeknd,Save Your Tears,2021-01-09,1
96,The Kid LAROI,So Done,2021-01-09,1
97,Parmalee x Blanco Brown,Just The Way,2021-01-09,1
98,Jack Harlow Featuring Big Sean,Way Out,2021-01-09,1
99,Playboi Carti Featuring Kid Cudi,M3tamorphosis,2021-01-09,1
100,Gabby Barrett,The Good Ones,2021-01-09,1
1,24kGoldn Featuring iann dior,Mood,2021-01-16,1
2,Ariana Grande,Positions,2021-01-16,1
3,The Weeknd,Blinding Lights,2021-01-16,1
4,Justin Bieber Featuring Chance The Rapper,Holy,2021-01-16,1
5,Chris Brown & Young Thug,Go Crazy,2021-01-16,1
6,Justin Bieber,Anyone,2021-01-16,1
7,Dua Lipa Featuring DaBaby,Levitating,2021-01-16,1
8,Drake Featuring Lil Durk,Laugh Now Cry Later,2021-01-16,1
9,AJR,Bang!,2021-01-16,1
10,Gabby Barrett Featuring Charlie Puth,I Hope,2021-01-16,1
11,Pop Smoke Featuring Lil Baby & DaBaby,For The Night,2021-01-16,1
12,Internet Money & Gunna Featuring Don Toliver & NAV,Lemonade,2021-01-16,1
13,Ariana Grande,34+35,2021-01-16,1
14,Billie Eilish,Therefore I Am,2021-01-16,1
15,Ava Max,Kings & Queens,2021-01-16,1
16,Megan Thee Stallion,Body,2021-01-16,1
17,Bad Bunny & Jhay Cortez,Dakiti,2021-01-16,1
18,Justin Bieber & benny blanco,Lonely,2021-01-16,1
19,Luke Combs,Better Together,2021-01-16,1
20,Pop Smoke,What You Know Bout Love,2021-01-16,1
21,CJ,Whoopty,2021-01-16,1
22,Taylor Swift,Willow,2021-01-16,1
23,SZA,Good Days,2021-01-16,1
24,Lewis Capaldi,Before You Go,2021-01-16,1
25,BTS,Dynamite,2021-01-16,1
26,DaBaby Featuring Roddy Ricch,Rockstar,2021-01-16,1
27,Morgan Wallen,More Than My Hometown,2021-01-16,1
28,Dan + Shay,I Should Probably Go To Bed,2021-01-16,1
29,Ed Sheeran,Afterglow,2021-01-16,1
30,Chris Stapleton,Starting Over,2021-01-16,1
31,Jawsh 685 x Jason Derulo,Savage Love (Laxed - Siren Beat),2021-01-16,1
32,Blake Shelton Featuring Gwen Stefani,Happy Anywhere,2021-01-16,1
33,Lady A,Champagne Night,2021-01-16,1
34,"Jack Harlow Featuring DaBaby, Tory Lanez & Lil Wayne",Whats Poppin,2021-01-16,1
35,Cardi B Featuring Megan Thee Stallion,WAP,2021-01-16,1
36,Shawn Mendes & Justin Bieber,Monster,2021-01-16,1
37,Parker McCollum,Pretty Heart,2021-01-16,1
38,Lil Baby,On Me,2021-01-16,1
39,Sam Smith,Diamonds,2021-01-16,1
40,Tate McRae,You Broke Me First.,2021-01-16,1
41,Machine Gun Kelly X blackbear,My Ex's Best Friend,2021-01-16,1
42,Harry Styles,Watermelon Sugar,2021-01-16,1
43,Maluma & The Weeknd,Hawai,2021-01-16,1
44,Megan Thee Stallion Featuring DaBaby,Cry Baby,2021-01-16,1
45,Kelsea Ballerini,Hole In The Bottle,2021-01-16,1
46,The Weeknd,Save Your Tears,2021-01-16,1
47,Lil Nas X,Holiday,2021-01-16,1
48,Niko Moon,Good Time,2021-01-16,1
49,Chris Lane,"Big, Big Plans",2021-01-16,1
50,Russell Dickerson,Love You Like I Used To,2021-01-16,1
51,Luke Combs,Forever After All,2021-01-16,1
52,Jhene Aiko Featuring H.E.R.,B.S.,2021-01-16,1
53,Morgan Wallen,7 Summers,2021-01-16,1
54,The Kid LAROI,Without You,2021-01-16,1
55,21 Savage & Metro Boomin Featuring Drake,Mr. Right Now,2021-01-16,1
56,Yung Bleu Featuring Drake,You're Mines Still,2021-01-16,1
57,Jason Derulo,Take You Dancing,2021-01-16,1
58,BRS Kash,Throat Baby (Go Baby),2021-01-16,1
59,Lil Durk & King Von,Still Trappin',2021-01-16,1
60,Miley Cyrus Featuring Dua Lipa,Prisoner,2021-01-16,1
61,Jack Harlow,Tyler Herro,2021-01-16,1
62,SZA Featuring Ty Dolla $ign,Hit Different,2021-01-16,1
63,Saweetie Featuring Jhene Aiko,Back To The Streets,2021-01-16,1
64,Darius Rucker,Beers And Sunshine,2021-01-16,1
65,Harry Styles,Golden,2021-01-16,1
66,H.E.R.,Damage,2021-01-16,1
67,Ritt Momney,Put Your Records On,2021-01-16,1
68,Thomas Rhett,What's Your Country Song,2021-01-16,1
69,Kenny Chesney,Happy Does,2021-01-16,1
70,All Time Low Featuring Demi Lovato & blackbear ,Monsters,2021-01-16,1
71,Miley Cyrus,Midnight Sky,2021-01-16,1
72,Luke Bryan,Down To One,2021-01-16,1
73,Karol G,Bichota,2021-01-16,1
74,Lil Durk,Backdoor,2021-01-16,1
75,Parmalee x Blanco Brown,Just The Way,2021-01-16,1
76,Jon Pardi,Ain't Always The Cowboy,2021-01-16,1
77,Gabby Barrett,The Good Ones,2021-01-16,1
78,Popp Hunna,Adderall (Corvette Corvette),2021-01-16,1
79,Florida Georgia Line,Long Live,2021-01-16,1
80,The Kid LAROI,So Done,2021-01-16,1
81,Morgan Wallen,Somebody's Problem,2021-01-16,1
82,DDG,Moonwalking In Calabasas,2021-01-16,1
83,Jack Harlow Featuring Big Sean,Way Out,2021-01-16,1
84,"Lil Durk, 6LACK & Young Thug",Stay Down,2021-01-16,1
85,Jameson Rodgers,Some Girls,2021-01-16,1
86,King Von,Took Her To The O,2021-01-16,1
87,Black Eyed Peas X Shakira,Girl Like Me,2021-01-16,1
88,Dustin Lynch,Momma's House,2021-01-16,1
89,Keith Urban Duet With P!nk,One Too Many,2021-01-16,1
90,YoungBoy Never Broke Again,Kacey Talk,2021-01-16,1
91,Shawn Mendes,Wonder,2021-01-16,1
92,Bad Bunny & Rosalia,La Noche de Anoche,2021-01-16,1
93,Pooh Shiesty Featuring Lil Durk,Back In Blood,2021-01-16,1
94,Eric Church,Hell Of A View,2021-01-16,1
95,Jordan Davis,Almost Maybes,2021-01-16,1
96,Matt Stell,Everywhere But On,2021-01-16,1
97,Brett Young,Lady,2021-01-16,1
98,Morgan Wallen,Still Goin Down,2021-01-16,1
99,The Kid LAROI & Juice WRLD,Reminds Me Of You,2021-01-16,1
100,Glass Animals,Heat Waves,2021-01-16,1
1,Olivia Rodrigo,Drivers License,2021-01-23,1
2,24kGoldn Featuring iann dior,Mood,2021-01-23,1
3,Ariana Grande,Positions,2021-01-23,1
4,The Weeknd,Blinding Lights,2021-01-23,1
5,Chris Brown & Young Thug,Go Crazy,2021-01-23,1
6,Dua Lipa Featuring DaBaby,Levitating,2021-01-23,1
7,Justin Bieber Featuring Chance The Rapper,Holy,2021-01-23,1
8,AJR,Bang!,2021-01-23,1
9,Morgan Wallen,Wasted On You,2021-01-23,1
10,SZA,Good Days,2021-01-23,1
11,Ariana Grande,34+35,2021-01-23,1
12,Justin Bieber & benny blanco,Lonely,2021-01-23,1
13,Drake Featuring Lil Durk,Laugh Now Cry Later,2021-01-23,1
14,Gabby Barrett Featuring Charlie Puth,I Hope,2021-01-23,1
15,Pop Smoke Featuring Lil Baby & DaBaby,For The Night,2021-01-23,1
16,Morgan Wallen,More Than My Hometown,2021-01-23,1
17,Billie Eilish,Therefore I Am,2021-01-23,1
18,Morgan Wallen,7 Summers,2021-01-23,1
19,Internet Money & Gunna Featuring Don Toliver & NAV,Lemonade,2021-01-23,1
20,Megan Thee Stallion,Body,2021-01-23,1
21,The Weeknd,Save Your Tears,2021-01-23,1
22,Justin Bieber,Anyone,2021-01-23,1
23,Bad Bunny & Jhay Cortez,Dakiti,2021-01-23,1
24,Luke Combs,Better Together,2021-01-23,1
25,CJ,Whoopty,2021-01-23,1
26,Morgan Wallen,Somebody's Problem,2021-01-23,1
27,Pop Smoke,What You Know Bout Love,2021-01-23,1
28,Ava Max,Kings & Queens,2021-01-23,1
29,Taylor Swift,Willow,2021-01-23,1
30,Dan + Shay,I Should Probably Go To Bed,2021-01-23,1
31,Lewis Capaldi,Before You Go,2021-01-23,1
32,Morgan Wallen,Sand In My Boots,2021-01-23,1
33,Tate McRae,You Broke Me First.,2021-01-23,1
34,DaBaby Featuring Roddy Ricch,Rockstar,2021-01-23,1
35,BTS,Dynamite,2021-01-23,1
36,Ed Sheeran,Afterglow,2021-01-23,1
37,Lil Baby,On Me,2021-01-23,1
38,Chris Stapleton,Starting Over,2021-01-23,1
39,Saweetie Featuring Doja Cat,Best Friend,2021-01-23,1
40,Machine Gun Kelly X blackbear,My Ex's Best Friend,2021-01-23,1
41,"Jack Harlow Featuring DaBaby, Tory Lanez & Lil Wayne",Whats Poppin,2021-01-23,1
42,Morgan Wallen,Warning,2021-01-23,1
43,Jawsh 685 x Jason Derulo,Savage Love (Laxed - Siren Beat),2021-01-23,1
44,Niko Moon,Good Time,2021-01-23,1
45,Morgan Wallen,Still Goin Down,2021-01-23,1
46,Morgan Wallen,865,2021-01-23,1
47,Sam Smith,Diamonds,2021-01-23,1
48,Cardi B Featuring Megan Thee Stallion,WAP,2021-01-23,1
49,Kelsea Ballerini,Hole In The Bottle,2021-01-23,1
50,Maluma & The Weeknd,Hawai,2021-01-23,1
51,Megan Thee Stallion Featuring DaBaby,Cry Baby,2021-01-23,1
52,Morgan Wallen,Cover Me Up,2021-01-23,1
53,Lady A,Champagne Night,2021-01-23,1
54,Yung Bleu Featuring Drake,You're Mines Still,2021-01-23,1
55,Shawn Mendes & Justin Bieber,Monster,2021-01-23,1
56,Jhene Aiko Featuring H.E.R.,B.S.,2021-01-23,1
57,The Kid LAROI,Without You,2021-01-23,1
58,Lil Nas X,Holiday,2021-01-23,1
59,Chris Lane,"Big, Big Plans",2021-01-23,1
60,Russell Dickerson,Love You Like I Used To,2021-01-23,1
61,Lil Durk & King Von,Still Trappin',2021-01-23,1
62,Morgan Wallen,Dangerous,2021-01-23,1
63,Morgan Wallen,Neon Eyes,2021-01-23,1
64,H.E.R.,Damage,2021-01-23,1
65,21 Savage & Metro Boomin Featuring Drake,Mr. Right Now,2021-01-23,1
66,Morgan Wallen,More Surprised Than Me,2021-01-23,1
67,Luke Combs,Forever After All,2021-01-23,1
68,Saweetie Featuring Jhene Aiko,Back To The Streets,2021-01-23,1
69,BRS Kash,Throat Baby (Go Baby),2021-01-23,1
70,Kenny Chesney,Happy Does,2021-01-23,1
71,Jack Harlow,Tyler Herro,2021-01-23,1
72,Jason Derulo,Take You Dancing,2021-01-23,1
73,Miley Cyrus Featuring Dua Lipa,Prisoner,2021-01-23,1
74,Morgan Wallen,Livin' The Dream,2021-01-23,1
75,Ritt Momney,Put Your Records On,2021-01-23,1
76,Thomas Rhett,What's Your Country Song,2021-01-23,1
77,Darius Rucker,Beers And Sunshine,2021-01-23,1
78,Pooh Shiesty Featuring Lil Durk,Back In Blood,2021-01-23,1
79,Florida Georgia Line,Long Live,2021-01-23,1
80,SZA Featuring Ty Dolla $ign,Hit Different,2021-01-23,1
81,All Time Low Featuring Demi Lovato & blackbear ,Monsters,2021-01-23,1
82,Luke Bryan,Down To One,2021-01-23,1
83,Morgan Wallen,Whiskey'd My Way,2021-01-23,1
84,Morgan Wallen,Your Bartender,2021-01-23,1
85,Harry Styles,Golden,2021-01-23,1
86,Morgan Wallen Featuring Ben Burgess,Outlaw,2021-01-23,1
87,Parmalee x Blanco Brown,Just The Way,2021-01-23,1
88,Karol G,Bichota,2021-01-23,1
89,Gabby Barrett,The Good Ones,2021-01-23,1
90,Morgan Wallen Featuring Chris Stapleton,Only Thing That's Gone,2021-01-23,1
91,Doja Cat,Streets,2021-01-23,1
92,Morgan Wallen,This Bar,2021-01-23,1
93,Morgan Wallen,Wonderin' Bout The Wind,2021-01-23,1
94,The Kid LAROI,So Done,2021-01-23,1
95,Jazmine Sullivan,Pick Up Your Feelings,2021-01-23,1
96,Popp Hunna,Adderall (Corvette Corvette),2021-01-23,1
97,Jazmine Sullivan Featuring H.E.R.,Girl Like Me,2021-01-23,1
98,Miley Cyrus,Midnight Sky,2021-01-23,1
99,DDG,Moonwalking In Calabasas,2021-01-23,1
100,Erica Banks,Buss It,2021-01-23,1
1,Olivia Rodrigo,Drivers License,2021-01-30,1
2,Ariana Grande,34+35,2021-01-30,1
3,24kGoldn Featuring iann dior,Mood,2021-01-30,1
4,The Weeknd,Blinding Lights,2021-01-30,1
5,Ariana Grande,Positions,2021-01-30,1
6,Dua Lipa Featuring DaBaby,Levitating,2021-01-30,1
7,Chris Brown & Young Thug,Go Crazy,2021-01-30,1
8,Justin Bieber Featuring Chance The Rapper,Holy,2021-01-30,1
9,AJR,Bang!,2021-01-30,1
10,SZA,Good Days,2021-01-30,1
11,Pop Smoke Featuring Lil Baby & DaBaby,For The Night,2021-01-30,1
12,Gabby Barrett Featuring Charlie Puth,I Hope,2021-01-30,1
13,Billie Eilish,Therefore I Am,2021-01-30,1
14,Justin Bieber & benny blanco,Lonely,2021-01-30,1
15,Luke Combs,Better Together,2021-01-30,1
16,Megan Thee Stallion,Body,2021-01-30,1
17,Drake Featuring Lil Durk,Laugh Now Cry Later,2021-01-30,1
18,Bad Bunny & Jhay Cortez,Dakiti,2021-01-30,1
19,CJ,Whoopty,2021-01-30,1
20,The Weeknd,Save Your Tears,2021-01-30,1
21,Internet Money & Gunna Featuring Don Toliver & NAV,Lemonade,2021-01-30,1
22,Juice WRLD & Young Thug,Bad Boy,2021-01-30,1
23,Pop Smoke,What You Know Bout Love,2021-01-30,1
24,Morgan Wallen,Wasted On You,2021-01-30,1
25,Morgan Wallen,7 Summers,2021-01-30,1
26,Justin Bieber,Anyone,2021-01-30,1
27,Morgan Wallen,More Than My Hometown,2021-01-30,1
28,Taylor Swift,Willow,2021-01-30,1
29,Ava Max,Kings & Queens,2021-01-30,1
30,Lewis Capaldi,Before You Go,2021-01-30,1
31,Tate McRae,You Broke Me First.,2021-01-30,1
32,Yung Bleu Featuring Drake,You're Mines Still,2021-01-30,1
33,Lil Baby,On Me,2021-01-30,1
34,Machine Gun Kelly X blackbear,My Ex's Best Friend,2021-01-30,1
35,Chris Stapleton,Starting Over,2021-01-30,1
36,Morgan Wallen,Somebody's Problem,2021-01-30,1
37,DaBaby Featuring Roddy Ricch,Rockstar,2021-01-30,1
38,Dan + Shay,I Should Probably Go To Bed,2021-01-30,1
39,Doja Cat,Streets,2021-01-30,1
40,Morgan Wallen,Sand In My Boots,2021-01-30,1
41,Ed Sheeran,Afterglow,2021-01-30,1
42,Niko Moon,Good Time,2021-01-30,1
43,"Jack Harlow Featuring DaBaby, Tory Lanez & Lil Wayne",Whats Poppin,2021-01-30,1
44,Kelsea Ballerini,Hole In The Bottle,2021-01-30,1
45,BTS,Dynamite,2021-01-30,1
46,Pooh Shiesty Featuring Lil Durk,Back In Blood,2021-01-30,1
47,Sam Smith,Diamonds,2021-01-30,1
48,Jawsh 685 x Jason Derulo,Savage Love (Laxed - Siren Beat),2021-01-30,1
49,Saweetie Featuring Doja Cat,Best Friend,2021-01-30,1
50,Cardi B Featuring Megan Thee Stallion,WAP,2021-01-30,1
51,Megan Thee Stallion Featuring DaBaby,Cry Baby,2021-01-30,1
52,The Kid LAROI,Without You,2021-01-30,1
53,H.E.R.,Damage,2021-01-30,1
54,BRS Kash,Throat Baby (Go Baby),2021-01-30,1
55,DaBaby,Masterpiece,2021-01-30,1
56,Russell Dickerson,Love You Like I Used To,2021-01-30,1
57,Kenny Chesney,Happy Does,2021-01-30,1
58,Saweetie Featuring Jhene Aiko,Back To The Streets,2021-01-30,1
59,Lil Nas X,Holiday,2021-01-30,1
60,Thomas Rhett,What's Your Country Song,2021-01-30,1
61,Ritt Momney,Put Your Records On,2021-01-30,1
62,Lady A,Champagne Night,2021-01-30,1
63,Lil Durk & King Von,Still Trappin',2021-01-30,1
64,Darius Rucker,Beers And Sunshine,2021-01-30,1
65,Luke Combs,Forever After All,2021-01-30,1
66,Morgan Wallen,Still Goin Down,2021-01-30,1
67,Shawn Mendes & Justin Bieber,Monster,2021-01-30,1
68,Chris Lane,"Big, Big Plans",2021-01-30,1
69,Jack Harlow,Tyler Herro,2021-01-30,1
70,Luke Bryan,Down To One,2021-01-30,1
71,Morgan Wallen,Cover Me Up,2021-01-30,1
72,Morgan Wallen,Warning,2021-01-30,1
73,Parmalee x Blanco Brown,Just The Way,2021-01-30,1
74,Morgan Wallen,865,2021-01-30,1
75,21 Savage & Metro Boomin Featuring Drake,Mr. Right Now,2021-01-30,1
76,Tim McGraw & Tyler Hubbard,Undivided,2021-01-30,1
77,All Time Low Featuring Demi Lovato & blackbear ,Monsters,2021-01-30,1
78,Jason Derulo,Take You Dancing,2021-01-30,1
79,Miley Cyrus Featuring Dua Lipa,Prisoner,2021-01-30,1
80,Florida Georgia Line,Long Live,2021-01-30,1
81,Gabby Barrett,The Good Ones,2021-01-30,1
82,Harry Styles,Golden,2021-01-30,1
83,Erica Banks,Buss It,2021-01-30,1
84,SpotemGottem Featuring Pooh Shiesty Or DaBaby,Beat Box,2021-01-30,1
85,Travis Scott & HVME,Goosebumps,2021-01-30,1
86,SZA Featuring Ty Dolla $ign,Hit Different,2021-01-30,1
87,The Kid LAROI,So Done,2021-01-30,1
88,Karol G,Bichota,2021-01-30,1
89,DDG,Moonwalking In Calabasas,2021-01-30,1
90,Popp Hunna,Adderall (Corvette Corvette),2021-01-30,1
91,Black Eyed Peas X Shakira,Girl Like Me,2021-01-30,1
92,Selena Gomez,De Una Vez,2021-01-30,1
93,Dustin Lynch,Momma's House,2021-01-30,1
94,Ant Clemons Featuring Justin Timberlake,Better Days,2021-01-30,1
95,Brett Young,Lady,2021-01-30,1
96,Future & Lil Uzi Vert,Drankin N Smokin,2021-01-30,1
97,Tenille Arts,Somebody Like That,2021-01-30,1
98,Keith Urban Duet With P!nk,One Too Many,2021-01-30,1
99,Eric Church,Hell Of A View,2021-01-30,1
100,Morgan Wallen,Dangerous,2021-01-30,1
1,Olivia Rodrigo,Drivers License,2021-02-06,1
2,24kGoldn Featuring iann dior,Mood,2021-02-06,1
3,The Weeknd,Blinding Lights,2021-02-06,1
4,Ariana Grande,34+35,2021-02-06,1
5,Dua Lipa Featuring DaBaby,Levitating,2021-02-06,1
6,Chris Brown & Young Thug,Go Crazy,2021-02-06,1
7,Ariana Grande,Positions,2021-02-06,1
8,Justin Bieber Featuring Chance The Rapper,Holy,2021-02-06,1
9,SZA,Good Days,2021-02-06,1
10,AJR,Bang!,2021-02-06,1
11,Pop Smoke Featuring Lil Baby & DaBaby,For The Night,2021-02-06,1
12,Billie Eilish,Therefore I Am,2021-02-06,1
13,Justin Bieber & benny blanco,Lonely,2021-02-06,1
14,The Weeknd,Save Your Tears,2021-02-06,1
15,Luke Combs,Better Together,2021-02-06,1
16,CJ,Whoopty,2021-02-06,1
17,Gabby Barrett Featuring Charlie Puth,I Hope,2021-02-06,1
18,Megan Thee Stallion,Body,2021-02-06,1
19,Pop Smoke,What You Know Bout Love,2021-02-06,1
20,Bad Bunny & Jhay Cortez,Dakiti,2021-02-06,1
21,Internet Money & Gunna Featuring Don Toliver & NAV,Lemonade,2021-02-06,1
22,Drake Featuring Lil Durk,Laugh Now Cry Later,2021-02-06,1
23,Morgan Wallen,7 Summers,2021-02-06,1
24,BRS Kash,Throat Baby (Go Baby),2021-02-06,1
25,Doja Cat,Streets,2021-02-06,1
26,Justin Bieber,Anyone,2021-02-06,1
27,Tate McRae,You Broke Me First.,2021-02-06,1
28,Taylor Swift,Willow,2021-02-06,1
29,Lil Baby,On Me,2021-02-06,1
30,Morgan Wallen,More Than My Hometown,2021-02-06,1
31,Morgan Wallen,Wasted On You,2021-02-06,1
32,Yung Bleu Featuring Drake,You're Mines Still,2021-02-06,1
33,Lewis Capaldi,Before You Go,2021-02-06,1
34,Machine Gun Kelly X blackbear,My Ex's Best Friend,2021-02-06,1
35,Ava Max,Kings & Queens,2021-02-06,1
36,Chris Stapleton,Starting Over,2021-02-06,1
37,Niko Moon,Good Time,2021-02-06,1
38,Morgan Wallen,Sand In My Boots,2021-02-06,1
39,Ed Sheeran,Afterglow,2021-02-06,1
40,Pooh Shiesty Featuring Lil Durk,Back In Blood,2021-02-06,1
41,DaBaby Featuring Roddy Ricch,Rockstar,2021-02-06,1
42,Kelsea Ballerini,Hole In The Bottle,2021-02-06,1
43,Morgan Wallen,Somebody's Problem,2021-02-06,1
44,"Jack Harlow Featuring DaBaby, Tory Lanez & Lil Wayne",Whats Poppin,2021-02-06,1
45,Saweetie Featuring Doja Cat,Best Friend,2021-02-06,1
46,BTS,Dynamite,2021-02-06,1
47,The Kid LAROI,Without You,2021-02-06,1
48,Sabrina Carpenter,Skin,2021-02-06,1
49,Sam Smith,Diamonds,2021-02-06,1
50,Kenny Chesney,Happy Does,2021-02-06,1
51,Jawsh 685 x Jason Derulo,Savage Love (Laxed - Siren Beat),2021-02-06,1
52,H.E.R.,Damage,2021-02-06,1
53,Darius Rucker,Beers And Sunshine,2021-02-06,1
54,Megan Thee Stallion Featuring DaBaby,Cry Baby,2021-02-06,1
55,Ritt Momney,Put Your Records On,2021-02-06,1
56,Parmalee x Blanco Brown,Just The Way,2021-02-06,1
57,Juice WRLD & Young Thug,Bad Boy,2021-02-06,1
58,Luke Bryan,Down To One,2021-02-06,1
59,Thomas Rhett,What's Your Country Song,2021-02-06,1
60,SpotemGottem Featuring Pooh Shiesty Or DaBaby,Beat Box,2021-02-06,1
61,Saweetie Featuring Jhene Aiko,Back To The Streets,2021-02-06,1
62,Billie Eilish & ROSALIA,Lo Vas A Olvidar,2021-02-06,1
63,Jack Harlow,Tyler Herro,2021-02-06,1
64,Gabby Barrett,The Good Ones,2021-02-06,1
65,Harry Styles,Golden,2021-02-06,1
66,Luke Combs,Forever After All,2021-02-06,1
67,Erica Banks,Buss It,2021-02-06,1
68,Florida Georgia Line,Long Live,2021-02-06,1
69,All Time Low Featuring Demi Lovato & blackbear ,Monsters,2021-02-06,1
70,Shawn Mendes & Justin Bieber,Monster,2021-02-06,1
71,Lil Nas X,Holiday,2021-02-06,1
72,Morgan Wallen,Still Goin Down,2021-02-06,1
73,Travis Scott & HVME,Goosebumps,2021-02-06,1
74,Morgan Wallen,Cover Me Up,2021-02-06,1
75,Karol G,Bichota,2021-02-06,1
76,Morgan Wallen,Warning,2021-02-06,1
77,Morgan Wallen,865,2021-02-06,1
78,Jason Derulo,Take You Dancing,2021-02-06,1
79,The Kid LAROI,So Done,2021-02-06,1
80,21 Savage & Metro Boomin Featuring Drake,Mr. Right Now,2021-02-06,1
81,Miley Cyrus Featuring Dua Lipa,Prisoner,2021-02-06,1
82,Chris Lane,"Big, Big Plans",2021-02-06,1
83,SZA Featuring Ty Dolla $ign,Hit Different,2021-02-06,1
84,Lil Durk & King Von,Still Trappin',2021-02-06,1
85,Black Eyed Peas X Shakira,Girl Like Me,2021-02-06,1
86,Brett Young,Lady,2021-02-06,1
87,Dustin Lynch,Momma's House,2021-02-06,1
88,DDG,Moonwalking In Calabasas,2021-02-06,1
89,Tenille Arts,Somebody Like That,2021-02-06,1
90,Eric Church,Hell Of A View,2021-02-06,1
91,Glass Animals,Heat Waves,2021-02-06,1
92,DaBaby,Masterpiece,2021-02-06,1
93,Lady A,Champagne Night,2021-02-06,1
94,Future & Lil Uzi Vert,Drankin N Smokin,2021-02-06,1
95,VEDO,You Got It,2021-02-06,1
96,Keith Urban Duet With P!nk,One Too Many,2021-02-06,1
97,YBN Nahmir Featuring 21 Savage,Opp Stoppa,2021-02-06,1
98,YoungBoy Never Broke Again,Kacey Talk,2021-02-06,1
99,Popp Hunna,Adderall (Corvette Corvette),2021-02-06,1
100,Anuel AA & Ozuna,Antes,2021-02-06,1
1,Olivia Rodrigo,Drivers License,2021-02-13,1
2,24kGoldn Featuring iann dior,Mood,2021-02-13,1
3,The Weeknd,Blinding Lights,2021-02-13,1
4,Ariana Grande,34+35,2021-02-13,1
5,Dua Lipa Featuring DaBaby,Levitating,2021-02-13,1
6,Chris Brown & Young Thug,Go Crazy,2021-02-13,1
7,Ariana Grande,Positions,2021-02-13,1
8,The Weeknd,Save Your Tears,2021-02-13,1
9,Justin Bieber Featuring Chance The Rapper,Holy,2021-02-13,1
10,CJ,Whoopty,2021-02-13,1
11,SZA,Good Days,2021-02-13,1
12,Justin Bieber & benny blanco,Lonely,2021-02-13,1
13,Pop Smoke,What You Know Bout Love,2021-02-13,1
14,Billie Eilish,Therefore I Am,2021-02-13,1
15,Pop Smoke Featuring Lil Baby & DaBaby,For The Night,2021-02-13,1
16,AJR,Bang!,2021-02-13,1
17,Luke Combs,Better Together,2021-02-13,1
18,Doja Cat,Streets,2021-02-13,1
19,Gabby Barrett Featuring Charlie Puth,I Hope,2021-02-13,1
20,Megan Thee Stallion,Body,2021-02-13,1
21,Bad Bunny & Jhay Cortez,Dakiti,2021-02-13,1
22,Internet Money & Gunna Featuring Don Toliver & NAV,Lemonade,2021-02-13,1
23,Tate McRae,You Broke Me First.,2021-02-13,1
24,Drake Featuring Lil Durk,Laugh Now Cry Later,2021-02-13,1
25,Machine Gun Kelly X blackbear,My Ex's Best Friend,2021-02-13,1
26,Morgan Wallen,Wasted On You,2021-02-13,1
27,Yung Bleu Featuring Drake,You're Mines Still,2021-02-13,1
28,Justin Bieber,Anyone,2021-02-13,1
29,Taylor Swift,Willow,2021-02-13,1
30,Lil Baby,On Me,2021-02-13,1
31,Niko Moon,Good Time,2021-02-13,1
32,Morgan Wallen,Sand In My Boots,2021-02-13,1
33,BRS Kash,Throat Baby (Go Baby),2021-02-13,1
34,Lewis Capaldi,Before You Go,2021-02-13,1
35,Morgan Wallen,7 Summers,2021-02-13,1
36,Chris Stapleton,Starting Over,2021-02-13,1
37,Pooh Shiesty Featuring Lil Durk,Back In Blood,2021-02-13,1
38,Morgan Wallen,More Than My Hometown,2021-02-13,1
39,Lil Durk Featuring Lil Baby,Finesse Out The Gang Way,2021-02-13,1
40,Kelsea Ballerini,Hole In The Bottle,2021-02-13,1
41,Ava Max,Kings & Queens,2021-02-13,1
42,Saweetie Featuring Doja Cat,Best Friend,2021-02-13,1
43,Megan Thee Stallion Featuring DaBaby,Cry Baby,2021-02-13,1
44,DaBaby Featuring Roddy Ricch,Rockstar,2021-02-13,1
45,Ed Sheeran,Afterglow,2021-02-13,1
46,BTS,Dynamite,2021-02-13,1
47,Kenny Chesney,Happy Does,2021-02-13,1
48,Morgan Wallen,Somebody's Problem,2021-02-13,1
49,"Jack Harlow Featuring DaBaby, Tory Lanez & Lil Wayne",Whats Poppin,2021-02-13,1
50,Ritt Momney,Put Your Records On,2021-02-13,1
51,H.E.R.,Damage,2021-02-13,1
52,The Kid LAROI,Without You,2021-02-13,1
53,Lil Durk Featuring Pooh Shiesty,Should've Ducked,2021-02-13,1
54,Parmalee x Blanco Brown,Just The Way,2021-02-13,1
55,Darius Rucker,Beers And Sunshine,2021-02-13,1
56,Luke Bryan,Down To One,2021-02-13,1
57,Thomas Rhett,What's Your Country Song,2021-02-13,1
58,SpotemGottem Featuring Pooh Shiesty Or DaBaby,Beat Box,2021-02-13,1
59,Sam Smith,Diamonds,2021-02-13,1
60,Gabby Barrett,The Good Ones,2021-02-13,1
61,Harry Styles,Golden,2021-02-13,1
62,Erica Banks,Buss It,2021-02-13,1
63,Travis Scott & HVME,Goosebumps,2021-02-13,1
64,All Time Low Featuring Demi Lovato & blackbear ,Monsters,2021-02-13,1
65,Florida Georgia Line,Long Live,2021-02-13,1
66,Jack Harlow,Tyler Herro,2021-02-13,1
67,Morgan Wallen,Cover Me Up,2021-02-13,1
68,Luke Combs,Forever After All,2021-02-13,1
69,Saweetie Featuring Jhene Aiko,Back To The Streets,2021-02-13,1
70,Lil Durk & King Von,Still Trappin',2021-02-13,1
71,"Brent Faiyaz & DJ Dahi Featuring Tyler, The Creator",Gravity,2021-02-13,1
72,Karol G,Bichota,2021-02-13,1
73,Juice WRLD & Young Thug,Bad Boy,2021-02-13,1
74,Selena Gomez With Rauw Alejandro,Baila Conmigo,2021-02-13,1
75,Brett Young,Lady,2021-02-13,1
76,Morgan Wallen,Still Goin Down,2021-02-13,1
77,Morgan Wallen,865,2021-02-13,1
78,The Kid LAROI,So Done,2021-02-13,1
79,Morgan Wallen,Warning,2021-02-13,1
80,Lil Nas X,Holiday,2021-02-13,1
81,Eric Church,Hell Of A View,2021-02-13,1
82,Black Eyed Peas X Shakira,Girl Like Me,2021-02-13,1
83,Dustin Lynch,Momma's House,2021-02-13,1
84,Chris Lane,"Big, Big Plans",2021-02-13,1
85,Shawn Mendes & Justin Bieber,Monster,2021-02-13,1
86,Glass Animals,Heat Waves,2021-02-13,1
87,"Lil Durk, 6LACK & Young Thug",Stay Down,2021-02-13,1
88,Tenille Arts,Somebody Like That,2021-02-13,1
89,Sabrina Carpenter,Skin,2021-02-13,1
90,DDG,Moonwalking In Calabasas,2021-02-13,1
91,Lil Durk,Kanye Krazy,2021-02-13,1
92,Jazmine Sullivan,Pick Up Your Feelings,2021-02-13,1
93,VEDO,You Got It,2021-02-13,1
94,Keith Urban Duet With P!nk,One Too Many,2021-02-13,1
95,Lil Durk,Backdoor,2021-02-13,1
96,Tom MacDonald,Fake Woke,2021-02-13,1
97,Miley Cyrus Featuring Dua Lipa,Prisoner,2021-02-13,1
98,Morgan Wallen,Dangerous,2021-02-13,1
99,Jordan Davis,Almost Maybes,2021-02-13,1
100,21 Savage & Metro Boomin Featuring Drake,Mr. Right Now,2021-02-13,1
1,Olivia Rodrigo,Drivers License,2021-02-20,1
2,Cardi B,Up,2021-02-20,1
3,The Weeknd,Blinding Lights,2021-02-20,1
4,The Weeknd,Save Your Tears,2021-02-20,1
5,24kGoldn Featuring iann dior,Mood,2021-02-20,1
6,Ariana Grande,34+35,2021-02-20,1
7,Chris Brown & Young Thug,Go Crazy,2021-02-20,1
8,Dua Lipa Featuring DaBaby,Levitating,2021-02-20,1
9,Ariana Grande,Positions,2021-02-20,1
10,Pop Smoke,What You Know Bout Love,2021-02-20,1
11,CJ,Whoopty,2021-02-20,1
12,Pop Smoke Featuring Lil Baby & DaBaby,For The Night,2021-02-20,1
13,SZA,Good Days,2021-02-20,1
14,Justin Bieber Featuring Chance The Rapper,Holy,2021-02-20,1
15,Billie Eilish,Therefore I Am,2021-02-20,1
16,Justin Bieber & benny blanco,Lonely,2021-02-20,1
17,Pooh Shiesty Featuring Lil Durk,Back In Blood,2021-02-20,1
18,Luke Combs,Better Together,2021-02-20,1
19,Bad Bunny & Jhay Cortez,Dakiti,2021-02-20,1
20,Gabby Barrett Featuring Charlie Puth,I Hope,2021-02-20,1
21,Megan Thee Stallion,Body,2021-02-20,1
22,Doja Cat,Streets,2021-02-20,1
23,AJR,Bang!,2021-02-20,1
24,Tate McRae,You Broke Me First.,2021-02-20,1
25,Machine Gun Kelly X blackbear,My Ex's Best Friend,2021-02-20,1
26,Yung Bleu Featuring Drake,You're Mines Still,2021-02-20,1
27,Internet Money & Gunna Featuring Don Toliver & NAV,Lemonade,2021-02-20,1
28,Megan Thee Stallion Featuring DaBaby,Cry Baby,2021-02-20,1
29,Taylor Swift,Willow,2021-02-20,1
30,Drake Featuring Lil Durk,Laugh Now Cry Later,2021-02-20,1
31,Lil Baby,On Me,2021-02-20,1
32,Lewis Capaldi,Before You Go,2021-02-20,1
33,BRS Kash,Throat Baby (Go Baby),2021-02-20,1
34,Justin Bieber,Anyone,2021-02-20,1
35,Niko Moon,Good Time,2021-02-20,1
36,Morgan Wallen,Wasted On You,2021-02-20,1
37,Moneybagg Yo,Time Today,2021-02-20,1
38,Morgan Wallen,Sand In My Boots,2021-02-20,1
39,Kelsea Ballerini,Hole In The Bottle,2021-02-20,1
40,Chris Stapleton,Starting Over,2021-02-20,1
41,Saweetie Featuring Doja Cat,Best Friend,2021-02-20,1
42,Parmalee x Blanco Brown,Just The Way,2021-02-20,1
43,BTS,Dynamite,2021-02-20,1
44,The Kid LAROI,Without You,2021-02-20,1
45,Ritt Momney,Put Your Records On,2021-02-20,1
46,Darius Rucker,Beers And Sunshine,2021-02-20,1
47,H.E.R.,Damage,2021-02-20,1
48,Ava Max,Kings & Queens,2021-02-20,1
49,DaBaby Featuring Roddy Ricch,Rockstar,2021-02-20,1
50,Luke Bryan,Down To One,2021-02-20,1
51,Pooh Shiesty Featuring BIG30,Neighbors,2021-02-20,1
52,Morgan Wallen,Somebody's Problem,2021-02-20,1
53,SpotemGottem Featuring Pooh Shiesty Or DaBaby,Beat Box,2021-02-20,1
54,Thomas Rhett,What's Your Country Song,2021-02-20,1
55,Polo G,GNF (OKOKOK),2021-02-20,1
56,Gabby Barrett,The Good Ones,2021-02-20,1
57,Ed Sheeran,Afterglow,2021-02-20,1
58,Harry Styles,Golden,2021-02-20,1
59,Travis Scott & HVME,Goosebumps,2021-02-20,1
60,Erica Banks,Buss It,2021-02-20,1
61,Florida Georgia Line,Long Live,2021-02-20,1
62,All Time Low Featuring Demi Lovato & blackbear ,Monsters,2021-02-20,1
63,Dan + Shay,Glad You Exist,2021-02-20,1
64,G-Eazy Featuring Chris Brown & Mark Morrison,Provide,2021-02-20,1
65,Jack Harlow,Tyler Herro,2021-02-20,1
66,Morgan Wallen,Cover Me Up,2021-02-20,1
67,Luke Combs,Forever After All,2021-02-20,1
68,Brett Young,Lady,2021-02-20,1
69,Glass Animals,Heat Waves,2021-02-20,1
70,Kenny Chesney,Happy Does,2021-02-20,1
71,Black Eyed Peas X Shakira,Girl Like Me,2021-02-20,1
72,Dustin Lynch,Momma's House,2021-02-20,1
73,Eric Church,Hell Of A View,2021-02-20,1
74,The Kid LAROI,So Done,2021-02-20,1
75,Saweetie Featuring Jhene Aiko,Back To The Streets,2021-02-20,1
76,Morgan Wallen,865,2021-02-20,1
77,Lil Durk Featuring Lil Baby,Finesse Out The Gang Way,2021-02-20,1
78,Karol G,Bichota,2021-02-20,1
79,Tenille Arts,Somebody Like That,2021-02-20,1
80,Lil Durk & King Von,Still Trappin',2021-02-20,1
81,Pooh Shiesty Featuring 21 Savage,Box Of Churches,2021-02-20,1
82,Ava Max,My Head And My Heart,2021-02-20,1
83,Juice WRLD & Young Thug,Bad Boy,2021-02-20,1
84,Coi Leray Featuring Lil Durk,No More Parties,2021-02-20,1
85,DDG,Moonwalking In Calabasas,2021-02-20,1
86,Chris Lane,"Big, Big Plans",2021-02-20,1
87,Myke Towers & Juhn,Bandido,2021-02-20,1
88,VEDO,You Got It,2021-02-20,1
89,Jazmine Sullivan,Pick Up Your Feelings,2021-02-20,1
90,Morgan Wallen,Dangerous,2021-02-20,1
91,Shawn Mendes & Justin Bieber,Monster,2021-02-20,1
92,Keith Urban Duet With P!nk,One Too Many,2021-02-20,1
93,Morgan Wallen,Warning,2021-02-20,1
94,Morgan Wallen,Still Goin Down,2021-02-20,1
95,Jason Derulo Featuring Adam Levine,Lifestyle,2021-02-20,1
96,Jordan Davis,Almost Maybes,2021-02-20,1
97,DaBaby,Masterpiece,2021-02-20,1
98,Miley Cyrus Featuring Dua Lipa,Prisoner,2021-02-20,1
99,Sabrina Carpenter,Skin,2021-02-20,1
100,Morray,Quicksand,2021-02-20,1
1,Olivia Rodrigo,Drivers License,2021-02-27,1
2,Ariana Grande,34+35,2021-02-27,1
3,Lil Tjay Featuring 6LACK,Calling My Phone,2021-02-27,1
4,The Weeknd,Blinding Lights,2021-02-27,1
5,Cardi B,Up,2021-02-27,1
6,The Weeknd,Save Your Tears,2021-02-27,1
7,24kGoldn Featuring iann dior,Mood,2021-02-27,1
8,Chris Brown & Young Thug,Go Crazy,2021-02-27,1
9,Dua Lipa Featuring DaBaby,Levitating,2021-02-27,1
10,Ariana Grande,Positions,2021-02-27,1
11,Taylor Swift,Love Story (Taylor's Version),2021-02-27,1
12,Pop Smoke,What You Know Bout Love,2021-02-27,1
13,Billie Eilish,Therefore I Am,2021-02-27,1
14,Pop Smoke Featuring Lil Baby & DaBaby,For The Night,2021-02-27,1
15,CJ,Whoopty,2021-02-27,1
16,Pooh Shiesty Featuring Lil Durk,Back In Blood,2021-02-27,1
17,Justin Bieber Featuring Chance The Rapper,Holy,2021-02-27,1
18,SZA,Good Days,2021-02-27,1
19,Gabby Barrett Featuring Charlie Puth,I Hope,2021-02-27,1
20,Luke Combs,Better Together,2021-02-27,1
21,Bad Bunny & Jhay Cortez,Dakiti,2021-02-27,1
22,Justin Bieber & benny blanco,Lonely,2021-02-27,1
23,Tate McRae,You Broke Me First.,2021-02-27,1
24,Yung Bleu Featuring Drake,You're Mines Still,2021-02-27,1
25,Taylor Swift,Willow,2021-02-27,1
26,Megan Thee Stallion,Body,2021-02-27,1
27,Doja Cat,Streets,2021-02-27,1
28,Justin Bieber,Anyone,2021-02-27,1
29,Machine Gun Kelly X blackbear,My Ex's Best Friend,2021-02-27,1
30,BRS Kash,Throat Baby (Go Baby),2021-02-27,1
31,AJR,Bang!,2021-02-27,1
32,Lil Baby,On Me,2021-02-27,1
33,Lewis Capaldi,Before You Go,2021-02-27,1
34,Internet Money & Gunna Featuring Don Toliver & NAV,Lemonade,2021-02-27,1
35,Niko Moon,Good Time,2021-02-27,1
36,Drake Featuring Lil Durk,Laugh Now Cry Later,2021-02-27,1
37,Chris Stapleton,Starting Over,2021-02-27,1
38,Saweetie Featuring Doja Cat,Best Friend,2021-02-27,1
39,Ritt Momney,Put Your Records On,2021-02-27,1
40,Parmalee x Blanco Brown,Just The Way,2021-02-27,1
41,Megan Thee Stallion Featuring DaBaby,Cry Baby,2021-02-27,1
42,Darius Rucker,Beers And Sunshine,2021-02-27,1
43,The Kid LAROI,Without You,2021-02-27,1
44,H.E.R.,Damage,2021-02-27,1
45,BTS,Dynamite,2021-02-27,1
46,Luke Bryan,Down To One,2021-02-27,1
47,Erica Banks,Buss It,2021-02-27,1
48,Florida Georgia Line,Long Live,2021-02-27,1
49,Dua Lipa,We're Good,2021-02-27,1
50,Moneybagg Yo,Time Today,2021-02-27,1
51,Nipsey Hussle & JAY-Z,What It Feels Like,2021-02-27,1
52,Kelsea Ballerini,Hole In The Bottle,2021-02-27,1
53,Morgan Wallen,Wasted On You,2021-02-27,1
54,SpotemGottem Featuring Pooh Shiesty Or DaBaby,Beat Box,2021-02-27,1
55,Gabby Barrett,The Good Ones,2021-02-27,1
56,Thomas Rhett,What's Your Country Song,2021-02-27,1
57,Morgan Wallen,Sand In My Boots,2021-02-27,1
58,Harry Styles,Golden,2021-02-27,1
59,All Time Low Featuring Demi Lovato & blackbear ,Monsters,2021-02-27,1
60,Travis Scott & HVME,Goosebumps,2021-02-27,1
61,Ava Max,My Head And My Heart,2021-02-27,1
62,Jack Harlow,Tyler Herro,2021-02-27,1
63,Brett Young,Lady,2021-02-27,1
64,Glass Animals,Heat Waves,2021-02-27,1
65,Ed Sheeran,Afterglow,2021-02-27,1
66,Luke Combs,Forever After All,2021-02-27,1
67,Black Eyed Peas X Shakira,Girl Like Me,2021-02-27,1
68,Masked Wolf,Astronaut In The Ocean,2021-02-27,1
69,Bad Bunny & Rosalia,La Noche de Anoche,2021-02-27,1
70,Coi Leray Featuring Lil Durk,No More Parties,2021-02-27,1
71,Morgan Wallen,Somebody's Problem,2021-02-27,1
72,Dustin Lynch,Momma's House,2021-02-27,1
73,Eric Church,Hell Of A View,2021-02-27,1
74,Giveon,Heartbreak Anniversary,2021-02-27,1
75,Pooh Shiesty Featuring BIG30,Neighbors,2021-02-27,1
76,Jason Derulo Featuring Adam Levine,Lifestyle,2021-02-27,1
77,The Kid LAROI,So Done,2021-02-27,1
78,Tenille Arts,Somebody Like That,2021-02-27,1
79,Lil Durk Featuring Lil Baby,Finesse Out The Gang Way,2021-02-27,1
80,DaBaby,Masterpiece,2021-02-27,1
81,DDG,Moonwalking In Calabasas,2021-02-27,1
82,Myke Towers & Juhn,Bandido,2021-02-27,1
83,Kenny Chesney,Happy Does,2021-02-27,1
84,Morgan Wallen,Cover Me Up,2021-02-27,1
85,VEDO,You Got It,2021-02-27,1
86,Keith Urban Duet With P!nk,One Too Many,2021-02-27,1
87,Lil Durk & King Von,Still Trappin',2021-02-27,1
88,Jazmine Sullivan,Pick Up Your Feelings,2021-02-27,1
89,Chris Lane,"Big, Big Plans",2021-02-27,1
90,Future & Lil Uzi Vert,Drankin N Smokin,2021-02-27,1
91,Shawn Mendes & Justin Bieber,Monster,2021-02-27,1
92,Karol G,Bichota,2021-02-27,1
93,Dan + Shay,Glad You Exist,2021-02-27,1
94,Morray,Quicksand,2021-02-27,1
95,Giveon,Like I Want You,2021-02-27,1
96,Jordan Davis,Almost Maybes,2021-02-27,1
97,Saweetie Featuring Jhene Aiko,Back To The Streets,2021-02-27,1
98,Juice WRLD & Young Thug,Bad Boy,2021-02-27,1
99,YBN Nahmir Featuring 21 Savage,Opp Stoppa,2021-02-27,1
100,Rascal Flatts,How They Remember You,2021-02-27,1
1,Olivia Rodrigo,Drivers License,2021-03-06,1
2,Cardi B,Up,2021-03-06,1
3,Chris Brown & Young Thug,Go Crazy,2021-03-06,1
4,Ariana Grande,34+35,2021-03-06,1
5,The Weeknd,Blinding Lights,2021-03-06,1
6,The Weeknd,Save Your Tears,2021-03-06,1
7,24kGoldn Featuring iann dior,Mood,2021-03-06,1
8,Lil Tjay Featuring 6LACK,Calling My Phone,2021-03-06,1
9,Ariana Grande,Positions,2021-03-06,1
10,Dua Lipa Featuring DaBaby,Levitating,2021-03-06,1
11,Pop Smoke,What You Know Bout Love,2021-03-06,1
12,Billie Eilish,Therefore I Am,2021-03-06,1
13,Pooh Shiesty Featuring Lil Durk,Back In Blood,2021-03-06,1
14,CJ,Whoopty,2021-03-06,1
15,Pop Smoke Featuring Lil Baby & DaBaby,For The Night,2021-03-06,1
16,Bad Bunny & Jhay Cortez,Dakiti,2021-03-06,1
17,SZA,Good Days,2021-03-06,1
18,Gabby Barrett Featuring Charlie Puth,I Hope,2021-03-06,1
19,Yung Bleu Featuring Drake,You're Mines Still,2021-03-06,1
20,Luke Combs,Better Together,2021-03-06,1
21,Tate McRae,You Broke Me First.,2021-03-06,1
22,Doja Cat,Streets,2021-03-06,1
23,Lil Baby,On Me,2021-03-06,1
24,Machine Gun Kelly X blackbear,My Ex's Best Friend,2021-03-06,1
25,Niko Moon,Good Time,2021-03-06,1
26,BRS Kash,Throat Baby (Go Baby),2021-03-06,1
27,Justin Bieber Featuring Chance The Rapper,Holy,2021-03-06,1
28,Saweetie Featuring Doja Cat,Best Friend,2021-03-06,1
29,Taylor Swift,Willow,2021-03-06,1
30,Justin Bieber & benny blanco,Lonely,2021-03-06,1
31,AJR,Bang!,2021-03-06,1
32,Coi Leray Featuring Lil Durk,No More Parties,2021-03-06,1
33,Justin Bieber,Anyone,2021-03-06,1
34,Internet Money & Gunna Featuring Don Toliver & NAV,Lemonade,2021-03-06,1
35,Parmalee x Blanco Brown,Just The Way,2021-03-06,1
36,Ritt Momney,Put Your Records On,2021-03-06,1
37,Luke Bryan,Down To One,2021-03-06,1
38,The Kid LAROI,Without You,2021-03-06,1
39,Drake Featuring Lil Durk,Laugh Now Cry Later,2021-03-06,1
40,Chris Stapleton,Starting Over,2021-03-06,1
41,Megan Thee Stallion,Body,2021-03-06,1
42,Megan Thee Stallion Featuring DaBaby,Cry Baby,2021-03-06,1
43,Moneybagg Yo,Time Today,2021-03-06,1
44,Thomas Rhett,What's Your Country Song,2021-03-06,1
45,H.E.R.,Damage,2021-03-06,1
46,Darius Rucker,Beers And Sunshine,2021-03-06,1
47,SpotemGottem Featuring Pooh Shiesty Or DaBaby,Beat Box,2021-03-06,1
48,Gabby Barrett,The Good Ones,2021-03-06,1
49,Dua Lipa,We're Good,2021-03-06,1
50,BTS,Dynamite,2021-03-06,1
51,Erica Banks,Buss It,2021-03-06,1
52,Morgan Wallen,Wasted On You,2021-03-06,1
53,NF,Clouds,2021-03-06,1
54,Kali Uchis,Telepatia,2021-03-06,1
55,All Time Low Featuring Demi Lovato & blackbear ,Monsters,2021-03-06,1
56,Travis Scott & HVME,Goosebumps,2021-03-06,1
57,Harry Styles,Golden,2021-03-06,1
58,Bad Bunny & Rosalia,La Noche de Anoche,2021-03-06,1
59,Ava Max,My Head And My Heart,2021-03-06,1
60,Florida Georgia Line,Long Live,2021-03-06,1
61,Ariana Grande,Test Drive,2021-03-06,1
62,Masked Wolf,Astronaut In The Ocean,2021-03-06,1
63,Giveon,Heartbreak Anniversary,2021-03-06,1
64,Morgan Wallen,Sand In My Boots,2021-03-06,1
65,Glass Animals,Heat Waves,2021-03-06,1
66,Brett Young,Lady,2021-03-06,1
67,Lil Yachty Featuring Kodak Black,Hit Bout It,2021-03-06,1
68,Luke Combs,Forever After All,2021-03-06,1
69,Kelsea Ballerini,Hole In The Bottle,2021-03-06,1
70,Jack Harlow,Tyler Herro,2021-03-06,1
71,Black Eyed Peas X Shakira,Girl Like Me,2021-03-06,1
72,Lil Durk Featuring Lil Baby,Finesse Out The Gang Way,2021-03-06,1
73,Eric Church,Hell Of A View,2021-03-06,1
74,Jason Derulo Featuring Adam Levine,Lifestyle,2021-03-06,1
75,Dustin Lynch,Momma's House,2021-03-06,1
76,DaBaby,Masterpiece,2021-03-06,1
77,Tenille Arts,Somebody Like That,2021-03-06,1
78,YBN Nahmir Featuring 21 Savage,Opp Stoppa,2021-03-06,1
79,Pooh Shiesty Featuring BIG30,Neighbors,2021-03-06,1
80,Morgan Wallen,Somebody's Problem,2021-03-06,1
81,VEDO,You Got It,2021-03-06,1
82,Myke Towers & Juhn,Bandido,2021-03-06,1
83,DDG,Moonwalking In Calabasas,2021-03-06,1
84,Future & Lil Uzi Vert,Drankin N Smokin,2021-03-06,1
85,Keith Urban Duet With P!nk,One Too Many,2021-03-06,1
86,Lil Durk & King Von,Still Trappin',2021-03-06,1
87,Morray,Quicksand,2021-03-06,1
88,Clinton Kane,Chicken Tendies,2021-03-06,1
89,Jazmine Sullivan,Pick Up Your Feelings,2021-03-06,1
90,6ix9ine,ZaZa,2021-03-06,1
91,Jordan Davis,Almost Maybes,2021-03-06,1
92,Jake Owen,Made For You,2021-03-06,1
93,Dan + Shay,Glad You Exist,2021-03-06,1
94,Ed Sheeran,Afterglow,2021-03-06,1
95,Morgan Wallen,Cover Me Up,2021-03-06,1
96,Tiesto,The Business,2021-03-06,1
97,Pop Smoke Featuring A Boogie Wit da Hoodie,Hello,2021-03-06,1
98,Shawn Mendes & Justin Bieber,Monster,2021-03-06,1
99,Mooski,Track Star,2021-03-06,1
100,Giveon,Like I Want You,2021-03-06,1
1,Olivia Rodrigo,Drivers License,2021-03-13,1
2,Cardi B,Up,2021-03-13,1
3,The Weeknd,Blinding Lights,2021-03-13,1
4,Ariana Grande,34+35,2021-03-13,1
5,Chris Brown & Young Thug,Go Crazy,2021-03-13,1
6,The Weeknd,Save Your Tears,2021-03-13,1
7,24kGoldn Featuring iann dior,Mood,2021-03-13,1
8,Lil Tjay Featuring 6LACK,Calling My Phone,2021-03-13,1
9,Pop Smoke,What You Know Bout Love,2021-03-13,1
10,Dua Lipa Featuring DaBaby,Levitating,2021-03-13,1
11,Ariana Grande,Positions,2021-03-13,1
12,Billie Eilish,Therefore I Am,2021-03-13,1
13,Pooh Shiesty Featuring Lil Durk,Back In Blood,2021-03-13,1
14,Pop Smoke Featuring Lil Baby & DaBaby,For The Night,2021-03-13,1
15,SpotemGottem Featuring Pooh Shiesty Or DaBaby,Beat Box,2021-03-13,1
16,Bad Bunny & Jhay Cortez,Dakiti,2021-03-13,1
17,Tate McRae,You Broke Me First.,2021-03-13,1
18,CJ,Whoopty,2021-03-13,1
19,Yung Bleu Featuring Drake,You're Mines Still,2021-03-13,1
20,Niko Moon,Good Time,2021-03-13,1
21,Machine Gun Kelly X blackbear,My Ex's Best Friend,2021-03-13,1
22,Saweetie Featuring Doja Cat,Best Friend,2021-03-13,1
23,SZA,Good Days,2021-03-13,1
24,Gabby Barrett Featuring Charlie Puth,I Hope,2021-03-13,1
25,Lil Baby,On Me,2021-03-13,1
26,Doja Cat,Streets,2021-03-13,1
27,Luke Combs,Better Together,2021-03-13,1
28,BRS Kash,Throat Baby (Go Baby),2021-03-13,1
29,Justin Bieber Featuring Chance The Rapper,Holy,2021-03-13,1
30,Ritt Momney,Put Your Records On,2021-03-13,1
31,Justin Bieber,Anyone,2021-03-13,1
32,Taylor Swift,Willow,2021-03-13,1
33,Parmalee x Blanco Brown,Just The Way,2021-03-13,1
34,The Kid LAROI,Without You,2021-03-13,1
35,AJR,Bang!,2021-03-13,1
36,Luke Bryan,Down To One,2021-03-13,1
37,Coi Leray Featuring Lil Durk,No More Parties,2021-03-13,1
38,Internet Money & Gunna Featuring Don Toliver & NAV,Lemonade,2021-03-13,1
39,Kali Uchis,Telepatia,2021-03-13,1
40,Gabby Barrett,The Good Ones,2021-03-13,1
41,Justin Bieber & benny blanco,Lonely,2021-03-13,1
42,Megan Thee Stallion Featuring DaBaby,Cry Baby,2021-03-13,1
43,BTS,Dynamite,2021-03-13,1
44,Thomas Rhett,What's Your Country Song,2021-03-13,1
45,Ava Max,My Head And My Heart,2021-03-13,1
46,H.E.R.,Damage,2021-03-13,1
47,Drake Featuring Lil Durk,Laugh Now Cry Later,2021-03-13,1
48,Chris Stapleton,Starting Over,2021-03-13,1
49,Masked Wolf,Astronaut In The Ocean,2021-03-13,1
50,Moneybagg Yo,Time Today,2021-03-13,1
51,Dua Lipa,We're Good,2021-03-13,1
52,Florida Georgia Line,Long Live,2021-03-13,1
53,Darius Rucker,Beers And Sunshine,2021-03-13,1
54,Giveon,Heartbreak Anniversary,2021-03-13,1
55,All Time Low Featuring Demi Lovato & blackbear ,Monsters,2021-03-13,1
56,Megan Thee Stallion,Body,2021-03-13,1
57,Erica Banks,Buss It,2021-03-13,1
58,Travis Scott & HVME,Goosebumps,2021-03-13,1
59,Harry Styles,Golden,2021-03-13,1
60,Brett Young,Lady,2021-03-13,1
61,Glass Animals,Heat Waves,2021-03-13,1
62,Morgan Wallen,Wasted On You,2021-03-13,1
63,Bad Bunny & Rosalia,La Noche de Anoche,2021-03-13,1
64,Pop Smoke,AP,2021-03-13,1
65,Luke Combs,Forever After All,2021-03-13,1
66,Mooski,Track Star,2021-03-13,1
67,Dustin Lynch,Momma's House,2021-03-13,1
68,Morgan Wallen,Sand In My Boots,2021-03-13,1
69,Black Eyed Peas X Shakira,Girl Like Me,2021-03-13,1
70,Eric Church,Hell Of A View,2021-03-13,1
71,Jason Derulo Featuring Adam Levine,Lifestyle,2021-03-13,1
72,DaBaby,Masterpiece,2021-03-13,1
73,Tenille Arts,Somebody Like That,2021-03-13,1
74,Post Malone,Only Wanna Be With You,2021-03-13,1
75,Keith Urban Duet With P!nk,One Too Many,2021-03-13,1
76,Pooh Shiesty Featuring BIG30,Neighbors,2021-03-13,1
77,VEDO,You Got It,2021-03-13,1
78,Jack Harlow,Tyler Herro,2021-03-13,1
79,Lil Durk Featuring Lil Baby,Finesse Out The Gang Way,2021-03-13,1
80,YBN Nahmir Featuring 21 Savage,Opp Stoppa,2021-03-13,1
81,Tiesto,The Business,2021-03-13,1
82,Myke Towers & Juhn,Bandido,2021-03-13,1
83,Morray,Quicksand,2021-03-13,1
84,Jordan Davis,Almost Maybes,2021-03-13,1
85,Pop Smoke Featuring A Boogie Wit da Hoodie,Hello,2021-03-13,1
86,Lil Durk & King Von,Still Trappin',2021-03-13,1
87,DDG,Moonwalking In Calabasas,2021-03-13,1
88,Jake Owen,Made For You,2021-03-13,1
89,Kelsea Ballerini,Hole In The Bottle,2021-03-13,1
90,Elle King & Miranda Lambert,Drunk (And I Don't Wanna Go Home),2021-03-13,1
91,Dan + Shay,Glad You Exist,2021-03-13,1
92,Sam Hunt,Breaking Up Was Easy In The 90's,2021-03-13,1
93,Morgan Wallen,Somebody's Problem,2021-03-13,1
94,Future & Lil Uzi Vert,Drankin N Smokin,2021-03-13,1
95,Jazmine Sullivan,Pick Up Your Feelings,2021-03-13,1
96,Dylan Scott,Nobody,2021-03-13,1
97,Morgan Wallen,Cover Me Up,2021-03-13,1
98,Giveon,Like I Want You,2021-03-13,1
99,Dierks Bentley,Gone,2021-03-13,1
100,Karol G,Bichota,2021-03-13,1
1,Drake,What's Next,2021-03-20,1
2,Drake Featuring Lil Baby,Wants And Needs,2021-03-20,1
3,Drake Featuring Rick Ross,Lemon Pepper Freestyle,2021-03-20,1
4,Silk Sonic (Bruno Mars & Anderson .Paak),Leave The Door Open,2021-03-20,1
5,Olivia Rodrigo,Drivers License,2021-03-20,1
6,Cardi B,Up,2021-03-20,1
7,The Weeknd,Save Your Tears,2021-03-20,1
8,The Weeknd,Blinding Lights,2021-03-20,1
9,Ariana Grande,34+35,2021-03-20,1
10,24kGoldn Featuring iann dior,Mood,2021-03-20,1
11,Chris Brown & Young Thug,Go Crazy,2021-03-20,1
12,Pop Smoke,What You Know Bout Love,2021-03-20,1
13,Dua Lipa Featuring DaBaby,Levitating,2021-03-20,1
14,Lil Tjay Featuring 6LACK,Calling My Phone,2021-03-20,1
15,Ariana Grande,Positions,2021-03-20,1
16,Pooh Shiesty Featuring Lil Durk,Back In Blood,2021-03-20,1
17,Billie Eilish,Therefore I Am,2021-03-20,1
18,Doja Cat,Streets,2021-03-20,1
19,SZA,Good Days,2021-03-20,1
20,Tate McRae,You Broke Me First.,2021-03-20,1
21,Yung Bleu Featuring Drake,You're Mines Still,2021-03-20,1
22,Saweetie Featuring Doja Cat,Best Friend,2021-03-20,1
23,Bad Bunny & Jhay Cortez,Dakiti,2021-03-20,1
24,Pop Smoke Featuring Lil Baby & DaBaby,For The Night,2021-03-20,1
25,SpotemGottem Featuring Pooh Shiesty Or DaBaby,Beat Box,2021-03-20,1
26,Justin Bieber,Hold On,2021-03-20,1
27,Lil Baby,On Me,2021-03-20,1
28,Machine Gun Kelly X blackbear,My Ex's Best Friend,2021-03-20,1
29,CJ,Whoopty,2021-03-20,1
30,Thomas Rhett,What's Your Country Song,2021-03-20,1
31,Parmalee x Blanco Brown,Just The Way,2021-03-20,1
32,Gabby Barrett,The Good Ones,2021-03-20,1
33,Niko Moon,Good Time,2021-03-20,1
34,Lil Baby Featuring EST Gee,Real As It Gets,2021-03-20,1
35,Ritt Momney,Put Your Records On,2021-03-20,1
36,Luke Combs,Better Together,2021-03-20,1
37,Masked Wolf,Astronaut In The Ocean,2021-03-20,1
38,Justin Bieber,Anyone,2021-03-20,1
39,Coi Leray Featuring Lil Durk,No More Parties,2021-03-20,1
40,Kali Uchis,Telepatia,2021-03-20,1
41,Chris Stapleton,Starting Over,2021-03-20,1
42,Taylor Swift,Willow,2021-03-20,1
43,BTS,Dynamite,2021-03-20,1
44,The Kid LAROI,Without You,2021-03-20,1
45,Megan Thee Stallion Featuring DaBaby,Cry Baby,2021-03-20,1
46,BRS Kash,Throat Baby (Go Baby),2021-03-20,1
47,Ava Max,My Head And My Heart,2021-03-20,1
48,Luke Bryan,Down To One,2021-03-20,1
49,Justin Bieber Featuring Chance The Rapper,Holy,2021-03-20,1
50,H.E.R.,Damage,2021-03-20,1
51,Florida Georgia Line,Long Live,2021-03-20,1
52,Giveon,Heartbreak Anniversary,2021-03-20,1
53,Moneybagg Yo,Time Today,2021-03-20,1
54,Maroon 5 Featuring Megan Thee Stallion,Beautiful Mistakes,2021-03-20,1
55,Brett Young,Lady,2021-03-20,1
56,Dua Lipa,We're Good,2021-03-20,1
57,Glass Animals,Heat Waves,2021-03-20,1
58,Travis Scott & HVME,Goosebumps,2021-03-20,1
59,All Time Low Featuring Demi Lovato & blackbear ,Monsters,2021-03-20,1
60,Mooski,Track Star,2021-03-20,1
61,Erica Banks,Buss It,2021-03-20,1
62,Dustin Lynch,Momma's House,2021-03-20,1
63,Megan Thee Stallion,Body,2021-03-20,1
64,Morgan Wallen,Wasted On You,2021-03-20,1
65,Harry Styles,Golden,2021-03-20,1
66,Bad Bunny & Rosalia,La Noche de Anoche,2021-03-20,1
67,Luke Combs,Forever After All,2021-03-20,1
68,Eric Church,Hell Of A View,2021-03-20,1
69,Darius Rucker,Beers And Sunshine,2021-03-20,1
70,Black Eyed Peas X Shakira,Girl Like Me,2021-03-20,1
71,Tenille Arts,Somebody Like That,2021-03-20,1
72,Morgan Wallen,Sand In My Boots,2021-03-20,1
73,DaBaby,Masterpiece,2021-03-20,1
74,Lil Durk,Hellcats & Trackhawks,2021-03-20,1
75,VEDO,You Got It,2021-03-20,1
76,Keith Urban Duet With P!nk,One Too Many,2021-03-20,1
77,Tiesto,The Business,2021-03-20,1
78,Jordan Davis,Almost Maybes,2021-03-20,1
79,Morray,Quicksand,2021-03-20,1
80,Jake Owen,Made For You,2021-03-20,1
81,Jason Derulo Featuring Adam Levine,Lifestyle,2021-03-20,1
82,Sam Hunt,Breaking Up Was Easy In The 90's,2021-03-20,1
83,Myke Towers & Juhn,Bandido,2021-03-20,1
84,Pop Smoke Featuring A Boogie Wit da Hoodie,Hello,2021-03-20,1
85,Jazmine Sullivan,Pick Up Your Feelings,2021-03-20,1
86,YBN Nahmir Featuring 21 Savage,Opp Stoppa,2021-03-20,1
87,Pooh Shiesty Featuring BIG30,Neighbors,2021-03-20,1
88,Dan + Shay,Glad You Exist,2021-03-20,1
89,Dylan Scott,Nobody,2021-03-20,1
90,Future & Lil Uzi Vert,Drankin N Smokin,2021-03-20,1
91,Lil Durk Featuring Lil Baby,Finesse Out The Gang Way,2021-03-20,1
92,Lil Durk & King Von,Still Trappin',2021-03-20,1
93,DDG,Moonwalking In Calabasas,2021-03-20,1
94,Jack Harlow,Tyler Herro,2021-03-20,1
95,Morgan Wallen,Somebody's Problem,2021-03-20,1
96,Morgan Wallen,Cover Me Up,2021-03-20,1
97,"Juice WRLD, Clever & Post Malone",Life's A Mess II,2021-03-20,1
98,Dierks Bentley,Gone,2021-03-20,1
99,Pop Smoke,AP,2021-03-20,1
100,Nelly & Florida Georgia Line,Lil Bit,2021-03-20,1
1,Cardi B,Up,2021-03-27,1
2,Silk Sonic (Bruno Mars & Anderson .Paak),Leave The Door Open,2021-03-27,1
3,Olivia Rodrigo,Drivers License,2021-03-27,1
4,Drake,What's Next,2021-03-27,1
5,The Weeknd,Save Your Tears,2021-03-27,1
6,The Weeknd,Blinding Lights,2021-03-27,1
7,Dua Lipa Featuring DaBaby,Levitating,2021-03-27,1
8,24kGoldn Featuring iann dior,Mood,2021-03-27,1
9,Ariana Grande,34+35,2021-03-27,1
10,Drake Featuring Lil Baby,Wants And Needs,2021-03-27,1
11,Chris Brown & Young Thug,Go Crazy,2021-03-27,1
12,Pop Smoke,What You Know Bout Love,2021-03-27,1
13,Lil Tjay Featuring 6LACK,Calling My Phone,2021-03-27,1
14,Pooh Shiesty Featuring Lil Durk,Back In Blood,2021-03-27,1
15,Billie Eilish,Therefore I Am,2021-03-27,1
16,Doja Cat,Streets,2021-03-27,1
17,Ariana Grande,Positions,2021-03-27,1
18,Yung Bleu Featuring Drake,You're Mines Still,2021-03-27,1
19,Tate McRae,You Broke Me First.,2021-03-27,1
20,SpotemGottem Featuring Pooh Shiesty Or DaBaby,Beat Box,2021-03-27,1
21,Saweetie Featuring Doja Cat,Best Friend,2021-03-27,1
22,Bad Bunny & Jhay Cortez,Dakiti,2021-03-27,1
23,Lil Baby,On Me,2021-03-27,1
24,Pop Smoke Featuring Lil Baby & DaBaby,For The Night,2021-03-27,1
25,Masked Wolf,Astronaut In The Ocean,2021-03-27,1
26,Coi Leray Featuring Lil Durk,No More Parties,2021-03-27,1
27,SZA,Good Days,2021-03-27,1
28,Machine Gun Kelly X blackbear,My Ex's Best Friend,2021-03-27,1
29,Thomas Rhett,What's Your Country Song,2021-03-27,1
30,Giveon,Heartbreak Anniversary,2021-03-27,1
31,Drake Featuring Rick Ross,Lemon Pepper Freestyle,2021-03-27,1
32,Ritt Momney,Put Your Records On,2021-03-27,1
33,Gabby Barrett,The Good Ones,2021-03-27,1
34,BTS,Dynamite,2021-03-27,1
35,Chris Stapleton,Starting Over,2021-03-27,1
36,Rod Wave,Street Runner,2021-03-27,1
37,Justin Bieber,Anyone,2021-03-27,1
38,Parmalee x Blanco Brown,Just The Way,2021-03-27,1
39,Taylor Swift,Willow,2021-03-27,1
40,The Kid LAROI,Without You,2021-03-27,1
41,Niko Moon,Good Time,2021-03-27,1
42,Megan Thee Stallion Featuring DaBaby,Cry Baby,2021-03-27,1
43,Kali Uchis,Telepatia,2021-03-27,1
44,Luke Combs,Better Together,2021-03-27,1
45,CJ,Whoopty,2021-03-27,1
46,Ava Max,My Head And My Heart,2021-03-27,1
47,Maroon 5 Featuring Megan Thee Stallion,Beautiful Mistakes,2021-03-27,1
48,H.E.R.,Damage,2021-03-27,1
49,Florida Georgia Line,Long Live,2021-03-27,1
50,BRS Kash,Throat Baby (Go Baby),2021-03-27,1
51,Moneybagg Yo,Time Today,2021-03-27,1
52,Dua Lipa,We're Good,2021-03-27,1
53,Luke Bryan,Down To One,2021-03-27,1
54,Brett Young,Lady,2021-03-27,1
55,Mooski,Track Star,2021-03-27,1
56,Glass Animals,Heat Waves,2021-03-27,1
57,Travis Scott & HVME,Goosebumps,2021-03-27,1
58,Lil Baby Featuring EST Gee,Real As It Gets,2021-03-27,1
59,Justin Bieber,Hold On,2021-03-27,1
60,All Time Low Featuring Demi Lovato & blackbear ,Monsters,2021-03-27,1
61,Luke Combs,Forever After All,2021-03-27,1
62,Erica Banks,Buss It,2021-03-27,1
63,Eric Church,Hell Of A View,2021-03-27,1
64,Megan Thee Stallion,Body,2021-03-27,1
65,Dustin Lynch,Momma's House,2021-03-27,1
66,Morgan Wallen,Wasted On You,2021-03-27,1
67,Tenille Arts,Somebody Like That,2021-03-27,1
68,Bad Bunny & Rosalia,La Noche de Anoche,2021-03-27,1
69,Tiesto,The Business,2021-03-27,1
70,ROSE,On The Ground,2021-03-27,1
71,DaBaby,Masterpiece,2021-03-27,1
72,Black Eyed Peas X Shakira,Girl Like Me,2021-03-27,1
73,Jordan Davis,Almost Maybes,2021-03-27,1
74,Morray,Quicksand,2021-03-27,1
75,Jazmine Sullivan,Pick Up Your Feelings,2021-03-27,1
76,Sam Hunt,Breaking Up Was Easy In The 90's,2021-03-27,1
77,Jake Owen,Made For You,2021-03-27,1
78,VEDO,You Got It,2021-03-27,1
79,NF Featuring Hopsin,Lost,2021-03-27,1
80,Morgan Wallen,Sand In My Boots,2021-03-27,1
81,Darius Rucker,Beers And Sunshine,2021-03-27,1
82,Keith Urban Duet With P!nk,One Too Many,2021-03-27,1
83,Imagine Dragons,Follow You,2021-03-27,1
84,Selena Gomez With Rauw Alejandro,Baila Conmigo,2021-03-27,1
85,Dylan Scott,Nobody,2021-03-27,1
86,Dan + Shay,Glad You Exist,2021-03-27,1
87,Giveon,Like I Want You,2021-03-27,1
88,Machine Gun Kelly & CORPSE,Daywalker!,2021-03-27,1
89,Pop Smoke Featuring A Boogie Wit da Hoodie,Hello,2021-03-27,1
90,Miranda Lambert,Settling Down,2021-03-27,1
91,Myke Towers & Juhn,Bandido,2021-03-27,1
92,Pooh Shiesty Featuring BIG30,Neighbors,2021-03-27,1
93,Future & Lil Uzi Vert,Drankin N Smokin,2021-03-27,1
94,Lil Durk,Hellcats & Trackhawks,2021-03-27,1
95,YBN Nahmir Featuring 21 Savage,Opp Stoppa,2021-03-27,1
96,Lil Durk & King Von,Still Trappin',2021-03-27,1
97,Lil Durk Featuring Lil Baby,Finesse Out The Gang Way,2021-03-27,1
98,Dierks Bentley,Gone,2021-03-27,1
99,Nelly & Florida Georgia Line,Lil Bit,2021-03-27,1
100,Tim McGraw & Tyler Hubbard,Undivided,2021-03-27,1
1,Justin Bieber Featuring Daniel Caesar & Giveon,Peaches,2021-04-03,1
2,Cardi B,Up,2021-04-03,1
3,Silk Sonic (Bruno Mars & Anderson .Paak),Leave The Door Open,2021-04-03,1
4,Olivia Rodrigo,Drivers License,2021-04-03,1
5,The Weeknd,Save Your Tears,2021-04-03,1
6,The Weeknd,Blinding Lights,2021-04-03,1
7,Dua Lipa Featuring DaBaby,Levitating,2021-04-03,1
8,Drake,What's Next,2021-04-03,1
9,Pop Smoke,What You Know Bout Love,2021-04-03,1
10,24kGoldn Featuring iann dior,Mood,2021-04-03,1
11,Ariana Grande,34+35,2021-04-03,1
12,Chris Brown & Young Thug,Go Crazy,2021-04-03,1
13,Pooh Shiesty Featuring Lil Durk,Back In Blood,2021-04-03,1
14,Lil Tjay Featuring 6LACK,Calling My Phone,2021-04-03,1
15,Billie Eilish,Therefore I Am,2021-04-03,1
16,Justin Bieber,Anyone,2021-04-03,1
17,Masked Wolf,Astronaut In The Ocean,2021-04-03,1
18,Yung Bleu Featuring Drake,You're Mines Still,2021-04-03,1
19,Drake Featuring Lil Baby,Wants And Needs,2021-04-03,1
20,Justin Bieber,Hold On,2021-04-03,1
21,Ariana Grande,Positions,2021-04-03,1
22,Tate McRae,You Broke Me First.,2021-04-03,1
23,SpotemGottem Featuring Pooh Shiesty Or DaBaby,Beat Box,2021-04-03,1
24,Saweetie Featuring Doja Cat,Best Friend,2021-04-03,1
25,Lil Baby,On Me,2021-04-03,1
26,BTS,Dynamite,2021-04-03,1
27,Doja Cat,Streets,2021-04-03,1
28,Bad Bunny & Jhay Cortez,Dakiti,2021-04-03,1
29,Giveon,Heartbreak Anniversary,2021-04-03,1
30,Coi Leray Featuring Lil Durk,No More Parties,2021-04-03,1
31,Machine Gun Kelly X blackbear,My Ex's Best Friend,2021-04-03,1
32,Rod Wave,Street Runner,2021-04-03,1
33,Pop Smoke Featuring Lil Baby & DaBaby,For The Night,2021-04-03,1
34,SZA,Good Days,2021-04-03,1
35,Thomas Rhett,What's Your Country Song,2021-04-03,1
36,The Kid LAROI,Without You,2021-04-03,1
37,Gabby Barrett,The Good Ones,2021-04-03,1
38,CJ,Whoopty,2021-04-03,1
39,Ritt Momney,Put Your Records On,2021-04-03,1
40,Maroon 5 Featuring Megan Thee Stallion,Beautiful Mistakes,2021-04-03,1
41,Chris Stapleton,Starting Over,2021-04-03,1
42,"Lil Tjay, Polo G & Fivio Foreign",Headshot,2021-04-03,1
43,Justin Bieber Featuring Khalid,As I Am,2021-04-03,1
44,Kali Uchis,Telepatia,2021-04-03,1
45,Megan Thee Stallion Featuring DaBaby,Cry Baby,2021-04-03,1
46,Parmalee x Blanco Brown,Just The Way,2021-04-03,1
47,Luke Combs,Better Together,2021-04-03,1
48,Ava Max,My Head And My Heart,2021-04-03,1
49,Niko Moon,Good Time,2021-04-03,1
50,Taylor Swift,Willow,2021-04-03,1
51,Dua Lipa,We're Good,2021-04-03,1
52,Brett Young,Lady,2021-04-03,1
53,Mooski,Track Star,2021-04-03,1
54,Florida Georgia Line,Long Live,2021-04-03,1
55,Moneybagg Yo,Time Today,2021-04-03,1
56,Drake Featuring Rick Ross,Lemon Pepper Freestyle,2021-04-03,1
57,Glass Animals,Heat Waves,2021-04-03,1
58,H.E.R.,Damage,2021-04-03,1
59,Travis Scott & HVME,Goosebumps,2021-04-03,1
60,Luke Bryan,Down To One,2021-04-03,1
61,Luke Combs,Forever After All,2021-04-03,1
62,Justin Bieber Featuring The Kid LAROI,Unstable,2021-04-03,1
63,Dustin Lynch,Momma's House,2021-04-03,1
64,Justin Bieber,Off My Face,2021-04-03,1
65,Eric Church,Hell Of A View,2021-04-03,1
66,Justin Bieber,Ghost,2021-04-03,1
67,Tenille Arts,Somebody Like That,2021-04-03,1
68,Justin Bieber,2 Much,2021-04-03,1
69,Lil Baby Featuring EST Gee,Real As It Gets,2021-04-03,1
70,All Time Low Featuring Demi Lovato & blackbear ,Monsters,2021-04-03,1
71,Megan Thee Stallion,Body,2021-04-03,1
72,Erica Banks,Buss It,2021-04-03,1
73,Bad Bunny & Rosalia,La Noche de Anoche,2021-04-03,1
74,DaBaby,Masterpiece,2021-04-03,1
75,Tiesto,The Business,2021-04-03,1
76,Justin Bieber,Deserve You,2021-04-03,1
77,Morgan Wallen,Wasted On You,2021-04-03,1
78,Jake Owen,Made For You,2021-04-03,1
79,Sam Hunt,Breaking Up Was Easy In The 90's,2021-04-03,1
80,Morray,Quicksand,2021-04-03,1
81,Justin Bieber Featuring Dominic Fike,Die For You,2021-04-03,1
82,Rod Wave,Tombstone,2021-04-03,1
83,Jazmine Sullivan,Pick Up Your Feelings,2021-04-03,1
84,Justin Bieber Featuring BEAM,Love You Different,2021-04-03,1
85,Dan + Shay,Glad You Exist,2021-04-03,1
86,Jordan Davis,Almost Maybes,2021-04-03,1
87,Justin Bieber Featuring Burna Boy,Loved By You,2021-04-03,1
88,VEDO,You Got It,2021-04-03,1
89,Black Eyed Peas X Shakira,Girl Like Me,2021-04-03,1
90,Keith Urban Duet With P!nk,One Too Many,2021-04-03,1
91,Justin Bieber,Somebody,2021-04-03,1
92,Pop Smoke Featuring A Boogie Wit da Hoodie,Hello,2021-04-03,1
93,Dylan Scott,Nobody,2021-04-03,1
94,Chris Young + Kane Brown,Famous Friends,2021-04-03,1
95,Miranda Lambert,Settling Down,2021-04-03,1
96,Morgan Wallen,Sand In My Boots,2021-04-03,1
97,Pooh Shiesty Featuring BIG30,Neighbors,2021-04-03,1
98,Myke Towers & Juhn,Bandido,2021-04-03,1
99,Future & Lil Uzi Vert,Drankin N Smokin,2021-04-03,1
100,Darius Rucker,Beers And Sunshine,2021-04-03,1
1,Lil Nas X,Montero (Call Me By Your Name),2021-04-10,1
2,Justin Bieber Featuring Daniel Caesar & Giveon,Peaches,2021-04-10,1
3,Silk Sonic (Bruno Mars & Anderson .Paak),Leave The Door Open,2021-04-10,1
4,Cardi B,Up,2021-04-10,1
5,Olivia Rodrigo,Drivers License,2021-04-10,1
6,The Weeknd,Save Your Tears,2021-04-10,1
7,Dua Lipa Featuring DaBaby,Levitating,2021-04-10,1
8,The Weeknd,Blinding Lights,2021-04-10,1
9,24kGoldn Featuring iann dior,Mood,2021-04-10,1
10,Pop Smoke,What You Know Bout Love,2021-04-10,1
11,Rod Wave,Tombstone,2021-04-10,1
12,Masked Wolf,Astronaut In The Ocean,2021-04-10,1
13,Drake,What's Next,2021-04-10,1
14,Ariana Grande,34+35,2021-04-10,1
15,Chris Brown & Young Thug,Go Crazy,2021-04-10,1
16,Rod Wave,Street Runner,2021-04-10,1
17,Saweetie Featuring Doja Cat,Best Friend,2021-04-10,1
18,Lil Tjay Featuring 6LACK,Calling My Phone,2021-04-10,1
19,Billie Eilish,Therefore I Am,2021-04-10,1
20,Pooh Shiesty Featuring Lil Durk,Back In Blood,2021-04-10,1
21,Tate McRae,You Broke Me First.,2021-04-10,1
22,Rod Wave Featuring Polo G,Richer,2021-04-10,1
23,Yung Bleu Featuring Drake,You're Mines Still,2021-04-10,1
24,SpotemGottem Featuring Pooh Shiesty Or DaBaby,Beat Box,2021-04-10,1
25,Ariana Grande,Positions,2021-04-10,1
26,Lil Baby,On Me,2021-04-10,1
27,Bad Bunny & Jhay Cortez,Dakiti,2021-04-10,1
28,Giveon,Heartbreak Anniversary,2021-04-10,1
29,Machine Gun Kelly X blackbear,My Ex's Best Friend,2021-04-10,1
30,BTS,Dynamite,2021-04-10,1
31,The Kid LAROI,Without You,2021-04-10,1
32,Gabby Barrett,The Good Ones,2021-04-10,1
33,Maroon 5 Featuring Megan Thee Stallion,Beautiful Mistakes,2021-04-10,1
34,Drake Featuring Lil Baby,Wants And Needs,2021-04-10,1
35,Doja Cat,Streets,2021-04-10,1
36,Justin Bieber,Anyone,2021-04-10,1
37,Pop Smoke Featuring Lil Baby & DaBaby,For The Night,2021-04-10,1
38,CJ,Whoopty,2021-04-10,1
39,Coi Leray Featuring Lil Durk,No More Parties,2021-04-10,1
40,SZA,Good Days,2021-04-10,1
41,Chris Stapleton,Starting Over,2021-04-10,1
42,Thomas Rhett,What's Your Country Song,2021-04-10,1
43,Ritt Momney,Put Your Records On,2021-04-10,1
44,Megan Thee Stallion Featuring DaBaby,Cry Baby,2021-04-10,1
45,Florida Georgia Line,Long Live,2021-04-10,1
46,Justin Bieber,Hold On,2021-04-10,1
47,Mooski,Track Star,2021-04-10,1
48,Dua Lipa,We're Good,2021-04-10,1
49,Moneybagg Yo & Future,Hard For The Next,2021-04-10,1
50,Glass Animals,Heat Waves,2021-04-10,1
51,Taylor Swift Featuring Maren Morris,You All Over Me (Taylor's Version) (From The Vault),2021-04-10,1
52,Brett Young,Lady,2021-04-10,1
53,Kali Uchis,Telepatia,2021-04-10,1
54,Luke Combs,Forever After All,2021-04-10,1
55,Rod Wave,SoulFly,2021-04-10,1
56,Travis Scott & HVME,Goosebumps,2021-04-10,1
57,Ava Max,My Head And My Heart,2021-04-10,1
58,Moneybagg Yo,Time Today,2021-04-10,1
59,Taylor Swift,Willow,2021-04-10,1
60,Parmalee x Blanco Brown,Just The Way,2021-04-10,1
61,Rod Wave,Gone Till November,2021-04-10,1
62,Dustin Lynch,Momma's House,2021-04-10,1
63,Rod Wave,Don't Forget,2021-04-10,1
64,H.E.R.,Damage,2021-04-10,1
65,Rod Wave,Blame On You,2021-04-10,1
66,Tenille Arts,Somebody Like That,2021-04-10,1
67,Eric Church,Hell Of A View,2021-04-10,1
68,"Lil Tjay, Polo G & Fivio Foreign",Headshot,2021-04-10,1
69,Coi Leray & Pooh Shiesty,Big Purr (Prrdd),2021-04-10,1
70,Drake Featuring Rick Ross,Lemon Pepper Freestyle,2021-04-10,1
71,Rod Wave,All I Got,2021-04-10,1
72,Justin Bieber Featuring Khalid,As I Am,2021-04-10,1
73,Sam Hunt,Breaking Up Was Easy In The 90's,2021-04-10,1
74,Luke Bryan,Down To One,2021-04-10,1
75,Jake Owen,Made For You,2021-04-10,1
76,Lil Durk,Hellcats & Trackhawks,2021-04-10,1
77,DaBaby,Masterpiece,2021-04-10,1
78,Bad Bunny & Rosalia,La Noche de Anoche,2021-04-10,1
79,Morgan Wallen,Wasted On You,2021-04-10,1
80,All Time Low Featuring Demi Lovato & blackbear ,Monsters,2021-04-10,1
81,Megan Thee Stallion,Body,2021-04-10,1
82,Lil Baby Featuring EST Gee,Real As It Gets,2021-04-10,1
83,Morray,Quicksand,2021-04-10,1
84,Jazmine Sullivan,Pick Up Your Feelings,2021-04-10,1
85,Rod Wave,Pills & Billz,2021-04-10,1
86,Tiesto,The Business,2021-04-10,1
87,Erica Banks,Buss It,2021-04-10,1
88,Rod Wave,How The Game Go,2021-04-10,1
89,Rod Wave,OMDB,2021-04-10,1
90,Miranda Lambert,Settling Down,2021-04-10,1
91,Jordan Davis,Almost Maybes,2021-04-10,1
92,Dan + Shay,Glad You Exist,2021-04-10,1
93,NF,Clouds,2021-04-10,1
94,Rod Wave,What's Love??,2021-04-10,1
95,Keith Urban Duet With P!nk,One Too Many,2021-04-10,1
96,Rod Wave,Shock Da World,2021-04-10,1
97,VEDO,You Got It,2021-04-10,1
98,Rod Wave,Sneaky Links,2021-04-10,1
99,Dylan Scott,Nobody,2021-04-10,1
100,Black Eyed Peas X Shakira,Girl Like Me,2021-04-10,1
1,Silk Sonic (Bruno Mars & Anderson .Paak),Leave The Door Open,2021-04-17,1
2,Lil Nas X,Montero (Call Me By Your Name),2021-04-17,1
3,Justin Bieber Featuring Daniel Caesar & Giveon,Peaches,2021-04-17,1
4,Cardi B,Up,2021-04-17,1
5,Olivia Rodrigo,Drivers License,2021-04-17,1
6,The Weeknd,Save Your Tears,2021-04-17,1
7,Dua Lipa Featuring DaBaby,Levitating,2021-04-17,1
8,Olivia Rodrigo,Deja Vu,2021-04-17,1
9,The Weeknd,Blinding Lights,2021-04-17,1
10,Masked Wolf,Astronaut In The Ocean,2021-04-17,1
11,Lil Tjay Featuring 6LACK,Calling My Phone,2021-04-17,1
12,Pop Smoke,What You Know Bout Love,2021-04-17,1
13,24kGoldn Featuring iann dior,Mood,2021-04-17,1
14,Saweetie Featuring Doja Cat,Best Friend,2021-04-17,1
15,Ariana Grande,34+35,2021-04-17,1
16,Chris Brown & Young Thug,Go Crazy,2021-04-17,1
17,Drake,What's Next,2021-04-17,1
18,Pooh Shiesty Featuring Lil Durk,Back In Blood,2021-04-17,1
19,SpotemGottem Featuring Pooh Shiesty Or DaBaby,Beat Box,2021-04-17,1
20,Billie Eilish,Therefore I Am,2021-04-17,1
21,Tate McRae,You Broke Me First.,2021-04-17,1
22,Giveon,Heartbreak Anniversary,2021-04-17,1
23,Yung Bleu Featuring Drake,You're Mines Still,2021-04-17,1
24,Ariana Grande,Positions,2021-04-17,1
25,Maroon 5 Featuring Megan Thee Stallion,Beautiful Mistakes,2021-04-17,1
26,Chris Stapleton,Starting Over,2021-04-17,1
27,Lil Baby,On Me,2021-04-17,1
28,Machine Gun Kelly X blackbear,My Ex's Best Friend,2021-04-17,1
29,Gabby Barrett,The Good Ones,2021-04-17,1
30,The Kid LAROI,Without You,2021-04-17,1
31,Bad Bunny & Jhay Cortez,Dakiti,2021-04-17,1
32,Rod Wave,Tombstone,2021-04-17,1
33,Pop Smoke Featuring Lil Baby & DaBaby,For The Night,2021-04-17,1
34,Coi Leray Featuring Lil Durk,No More Parties,2021-04-17,1
35,SZA,Good Days,2021-04-17,1
36,Mooski,Track Star,2021-04-17,1
37,Thomas Rhett,What's Your Country Song,2021-04-17,1
38,Drake Featuring Lil Baby,Wants And Needs,2021-04-17,1
39,Rod Wave,Street Runner,2021-04-17,1
40,Megan Thee Stallion Featuring DaBaby,Cry Baby,2021-04-17,1
41,Doja Cat,Streets,2021-04-17,1
42,Dua Lipa,We're Good,2021-04-17,1
43,Ritt Momney,Put Your Records On,2021-04-17,1
44,Glass Animals,Heat Waves,2021-04-17,1
45,Luke Combs,Forever After All,2021-04-17,1
46,Rod Wave Featuring Polo G,Richer,2021-04-17,1
47,Travis Scott & HVME,Goosebumps,2021-04-17,1
48,CJ,Whoopty,2021-04-17,1
49,Moneybagg Yo,Time Today,2021-04-17,1
50,Lil Tjay Featuring Offset & Moneybagg Yo,Run It Up,2021-04-17,1
51,Kali Uchis,Telepatia,2021-04-17,1
52,Parmalee x Blanco Brown,Just The Way,2021-04-17,1
53,Justin Bieber,Anyone,2021-04-17,1
54,Florida Georgia Line,Long Live,2021-04-17,1
55,"Lil Tjay, Polo G & Fivio Foreign",Headshot,2021-04-17,1
56,Demi Lovato,Dancing With The Devil,2021-04-17,1
57,Justin Bieber,Hold On,2021-04-17,1
58,Brett Young,Lady,2021-04-17,1
59,Dustin Lynch,Momma's House,2021-04-17,1
60,Taylor Swift,Willow,2021-04-17,1
61,Demi Lovato Featuring Ariana Grande,Met Him Last Night,2021-04-17,1
62,Tenille Arts,Somebody Like That,2021-04-17,1
63,Ava Max,My Head And My Heart,2021-04-17,1
64,Eric Church,Hell Of A View,2021-04-17,1
65,H.E.R.,Damage,2021-04-17,1
66,Jake Owen,Made For You,2021-04-17,1
67,42 Dugg & Roddy Ricch,4 Da Gang,2021-04-17,1
68,Sam Hunt,Breaking Up Was Easy In The 90's,2021-04-17,1
69,Lil Durk,Hellcats & Trackhawks,2021-04-17,1
70,Drake Featuring Rick Ross,Lemon Pepper Freestyle,2021-04-17,1
71,Miranda Lambert,Settling Down,2021-04-17,1
72,DaBaby,Masterpiece,2021-04-17,1
73,Morray,Quicksand,2021-04-17,1
74,Tiesto,The Business,2021-04-17,1
75,Bad Bunny & Rosalia,La Noche de Anoche,2021-04-17,1
76,Moneybagg Yo & Future,Hard For The Next,2021-04-17,1
77,Luke Bryan,Down To One,2021-04-17,1
78,Jordan Davis,Almost Maybes,2021-04-17,1
79,Jazmine Sullivan,Pick Up Your Feelings,2021-04-17,1
80,Morgan Wallen,Wasted On You,2021-04-17,1
81,BTS,Film Out,2021-04-17,1
82,Coi Leray & Pooh Shiesty,Big Purr (Prrdd),2021-04-17,1
83,Lil Baby Featuring EST Gee,Real As It Gets,2021-04-17,1
84,Megan Thee Stallion,Body,2021-04-17,1
85,Dan + Shay,Glad You Exist,2021-04-17,1
86,All Time Low Featuring Demi Lovato & blackbear ,Monsters,2021-04-17,1
87,VEDO,You Got It,2021-04-17,1
88,Keith Urban Duet With P!nk,One Too Many,2021-04-17,1
89,Chris Young + Kane Brown,Famous Friends,2021-04-17,1
90,Taylor Swift,Mr. Perfectly Fine (Taylor's Version) (From The Vault),2021-04-17,1
91,Dylan Scott,Nobody,2021-04-17,1
92,Justin Bieber Featuring Khalid,As I Am,2021-04-17,1
93,Nelly & Florida Georgia Line,Lil Bit,2021-04-17,1
94,Future & Lil Uzi Vert,Drankin N Smokin,2021-04-17,1
95,Pop Smoke Featuring A Boogie Wit da Hoodie,Hello,2021-04-17,1
96,Imagine Dragons,Follow You,2021-04-17,1
97,Dierks Bentley,Gone,2021-04-17,1
98,Black Eyed Peas X Shakira,Girl Like Me,2021-04-17,1
99,Erica Banks,Buss It,2021-04-17,1
100,Duncan Laurence,Arcade,2021-04-17,1
1,Polo G,Rapstar,2021-04-24,1
2,Lil Nas X,Montero (Call Me By Your Name),2021-04-24,1
3,Silk Sonic (Bruno Mars & Anderson .Paak),Leave The Door Open,2021-04-24,1
4,Justin Bieber Featuring Daniel Caesar & Giveon,Peaches,2021-04-24,1
5,The Weeknd,Save Your Tears,2021-04-24,1
6,Dua Lipa Featuring DaBaby,Levitating,2021-04-24,1
7,Doja Cat Featuring SZA,Kiss Me More,2021-04-24,1
8,Cardi B,Up,2021-04-24,1
9,Olivia Rodrigo,Drivers License,2021-04-24,1
10,Masked Wolf,Astronaut In The Ocean,2021-04-24,1
11,The Weeknd,Blinding Lights,2021-04-24,1
12,SpotemGottem Featuring Pooh Shiesty Or DaBaby,Beat Box,2021-04-24,1
13,Lil Tjay Featuring 6LACK,Calling My Phone,2021-04-24,1
14,Pop Smoke,What You Know Bout Love,2021-04-24,1
15,Olivia Rodrigo,Deja Vu,2021-04-24,1
16,DMX,Ruff Ryders' Anthem,2021-04-24,1
17,Saweetie Featuring Doja Cat,Best Friend,2021-04-24,1
18,24kGoldn Featuring iann dior,Mood,2021-04-24,1
19,Gabby Barrett,The Good Ones,2021-04-24,1
20,Pooh Shiesty Featuring Lil Durk,Back In Blood,2021-04-24,1
21,Ariana Grande,34+35,2021-04-24,1
22,Chris Brown & Young Thug,Go Crazy,2021-04-24,1
23,Tate McRae,You Broke Me First.,2021-04-24,1
24,Billie Eilish,Therefore I Am,2021-04-24,1
25,Drake,What's Next,2021-04-24,1
26,Giveon,Heartbreak Anniversary,2021-04-24,1
27,Maroon 5 Featuring Megan Thee Stallion,Beautiful Mistakes,2021-04-24,1
28,Machine Gun Kelly X blackbear,My Ex's Best Friend,2021-04-24,1
29,Yung Bleu Featuring Drake,You're Mines Still,2021-04-24,1
30,Taylor Swift,Mr. Perfectly Fine (Taylor's Version) (From The Vault),2021-04-24,1
31,Ariana Grande,Positions,2021-04-24,1
32,The Kid LAROI,Without You,2021-04-24,1
33,Lil Baby,On Me,2021-04-24,1
34,Bad Bunny & Jhay Cortez,Dakiti,2021-04-24,1
35,Mooski,Track Star,2021-04-24,1
36,Pop Smoke Featuring Lil Baby & DaBaby,For The Night,2021-04-24,1
37,Coi Leray Featuring Lil Durk,No More Parties,2021-04-24,1
38,Rod Wave,Tombstone,2021-04-24,1
39,SZA,Good Days,2021-04-24,1
40,DMX,Party Up (Up In Here),2021-04-24,1
41,Glass Animals,Heat Waves,2021-04-24,1
42,Chris Stapleton,Starting Over,2021-04-24,1
43,Jake Owen,Made For You,2021-04-24,1
44,Luke Combs,Forever After All,2021-04-24,1
45,Dua Lipa,We're Good,2021-04-24,1
46,DMX,X Gon' Give It To Ya,2021-04-24,1
47,Drake Featuring Lil Baby,Wants And Needs,2021-04-24,1
48,Doja Cat,Streets,2021-04-24,1
49,Megan Thee Stallion Featuring DaBaby,Cry Baby,2021-04-24,1
50,Travis Scott & HVME,Goosebumps,2021-04-24,1
51,Moneybagg Yo,Time Today,2021-04-24,1
52,Taylor Swift,Love Story (Taylor's Version),2021-04-24,1
53,Rod Wave,Street Runner,2021-04-24,1
54,Thomas Rhett,What's Your Country Song,2021-04-24,1
55,Rod Wave Featuring Polo G,Richer,2021-04-24,1
56,Kali Uchis,Telepatia,2021-04-24,1
57,Parmalee x Blanco Brown,Just The Way,2021-04-24,1
58,Eric Church,Hell Of A View,2021-04-24,1
59,Tenille Arts,Somebody Like That,2021-04-24,1
60,Florida Georgia Line,Long Live,2021-04-24,1
61,Luke Bryan,Down To One,2021-04-24,1
62,Taylor Swift,Willow,2021-04-24,1
63,Justin Bieber,Hold On,2021-04-24,1
64,"Lil Tjay, Polo G & Fivio Foreign",Headshot,2021-04-24,1
65,Taylor Swift,Forever & Always (Taylor's Version),2021-04-24,1
66,Brett Young,Lady,2021-04-24,1
67,Sam Hunt,Breaking Up Was Easy In The 90's,2021-04-24,1
68,H.E.R.,Damage,2021-04-24,1
69,Dustin Lynch,Momma's House,2021-04-24,1
70,Justin Bieber,Anyone,2021-04-24,1
71,Taylor Swift,Fearless (Taylor's Version),2021-04-24,1
72,Taylor Swift Featuring Maren Morris,You All Over Me (Taylor's Version) (From The Vault),2021-04-24,1
73,Ava Max,My Head And My Heart,2021-04-24,1
74,Bad Bunny & Rosalia,La Noche de Anoche,2021-04-24,1
75,Taylor Swift,You Belong With Me (Taylor's Version),2021-04-24,1
76,Miranda Lambert,Settling Down,2021-04-24,1
77,Lil Durk,Hellcats & Trackhawks,2021-04-24,1
78,Dan + Shay,Glad You Exist,2021-04-24,1
79,Lil Tjay Featuring Offset & Moneybagg Yo,Run It Up,2021-04-24,1
80,Jordan Davis,Almost Maybes,2021-04-24,1
81,Kevin Gates,Big Gangsta,2021-04-24,1
82,DaBaby,Masterpiece,2021-04-24,1
83,Tiesto,The Business,2021-04-24,1
84,42 Dugg & Roddy Ricch,4 Da Gang,2021-04-24,1
85,Morray,Quicksand,2021-04-24,1
86,Jazmine Sullivan,Pick Up Your Feelings,2021-04-24,1
87,twenty one pilots,Shy Away,2021-04-24,1
88,Taylor Swift,Fifteen (Taylor's Version),2021-04-24,1
89,Coi Leray & Pooh Shiesty,Big Purr (Prrdd),2021-04-24,1
90,Chris Young + Kane Brown,Famous Friends,2021-04-24,1
91,Dylan Scott,Nobody,2021-04-24,1
92,Nelly & Florida Georgia Line,Lil Bit,2021-04-24,1
93,Demi Lovato Featuring Ariana Grande,Met Him Last Night,2021-04-24,1
94,Taylor Swift,The Way I Loved You (Taylor's Version),2021-04-24,1
95,All Time Low Featuring Demi Lovato & blackbear ,Monsters,2021-04-24,1
96,Keith Urban Duet With P!nk,One Too Many,2021-04-24,1
97,Morgan Wallen,Wasted On You,2021-04-24,1
98,Demi Lovato,Dancing With The Devil,2021-04-24,1
99,Dierks Bentley,Gone,2021-04-24,1
100,Lil Baby Featuring EST Gee,Real As It Gets,2021-04-24,1
1,Polo G,Rapstar,2021-05-01,1
2,Silk Sonic (Bruno Mars & Anderson .Paak),Leave The Door Open,2021-05-01,1
3,Justin Bieber Featuring Daniel Caesar & Giveon,Peaches,2021-05-01,1
4,Lil Nas X,Montero (Call Me By Your Name),2021-05-01,1
5,Dua Lipa Featuring DaBaby,Levitating,2021-05-01,1
6,The Weeknd,Save Your Tears,2021-05-01,1
7,Masked Wolf,Astronaut In The Ocean,2021-05-01,1
8,Doja Cat Featuring SZA,Kiss Me More,2021-05-01,1
9,Cardi B,Up,2021-05-01,1
10,Olivia Rodrigo,Drivers License,2021-05-01,1
11,Olivia Rodrigo,Deja Vu,2021-05-01,1
12,Young Thug & Gunna Featuring Drake,Solid,2021-05-01,1
13,The Weeknd,Blinding Lights,2021-05-01,1
14,SpotemGottem Featuring Pooh Shiesty Or DaBaby,Beat Box,2021-05-01,1
15,Saweetie Featuring Doja Cat,Best Friend,2021-05-01,1
16,Lil Tjay Featuring 6LACK,Calling My Phone,2021-05-01,1
17,Pop Smoke,What You Know Bout Love,2021-05-01,1
18,Young Thug & Gunna,Ski,2021-05-01,1
19,24kGoldn Featuring iann dior,Mood,2021-05-01,1
20,Giveon,Heartbreak Anniversary,2021-05-01,1
21,Gabby Barrett,The Good Ones,2021-05-01,1
22,Maroon 5 Featuring Megan Thee Stallion,Beautiful Mistakes,2021-05-01,1
23,Pooh Shiesty Featuring Lil Durk,Back In Blood,2021-05-01,1
24,Chris Brown & Young Thug,Go Crazy,2021-05-01,1
25,Tate McRae,You Broke Me First.,2021-05-01,1
26,Ariana Grande,34+35,2021-05-01,1
27,Machine Gun Kelly X blackbear,My Ex's Best Friend,2021-05-01,1
28,Drake,What's Next,2021-05-01,1
29,Bad Bunny & Jhay Cortez,Dakiti,2021-05-01,1
30,Billie Eilish,Therefore I Am,2021-05-01,1
31,The Kid LAROI,Without You,2021-05-01,1
32,Lil Baby,On Me,2021-05-01,1
33,Ariana Grande,Positions,2021-05-01,1
34,Yung Bleu Featuring Drake,You're Mines Still,2021-05-01,1
35,Luke Combs,Forever After All,2021-05-01,1
36,Drake Featuring Lil Baby,Wants And Needs,2021-05-01,1
37,Mooski,Track Star,2021-05-01,1
38,Dua Lipa,We're Good,2021-05-01,1
39,Glass Animals,Heat Waves,2021-05-01,1
40,Pop Smoke Featuring Lil Baby & DaBaby,For The Night,2021-05-01,1
41,Eric Church,Hell Of A View,2021-05-01,1
42,Jake Owen,Made For You,2021-05-01,1
43,Coi Leray Featuring Lil Durk,No More Parties,2021-05-01,1
44,SZA,Good Days,2021-05-01,1
45,Chris Stapleton,Starting Over,2021-05-01,1
46,Young Thug & Gunna Featuring Travis Scott,Diamonds Dancing,2021-05-01,1
47,Travis Scott & HVME,Goosebumps,2021-05-01,1
48,Rod Wave,Tombstone,2021-05-01,1
49,Sam Hunt,Breaking Up Was Easy In The 90's,2021-05-01,1
50,Tenille Arts,Somebody Like That,2021-05-01,1
51,Doja Cat,Streets,2021-05-01,1
52,Thomas Rhett,What's Your Country Song,2021-05-01,1
53,Moneybagg Yo,Time Today,2021-05-01,1
54,Kali Uchis,Telepatia,2021-05-01,1
55,Megan Thee Stallion Featuring DaBaby,Cry Baby,2021-05-01,1
56,Justin Bieber,Hold On,2021-05-01,1
57,Rod Wave,Street Runner,2021-05-01,1
58,Parmalee x Blanco Brown,Just The Way,2021-05-01,1
59,Young Thug Featuring Lil Uzi Vert & Yung Kayo,Proud Of You,2021-05-01,1
60,Taylor Swift,Willow,2021-05-01,1
61,H.E.R.,Damage,2021-05-01,1
62,Rod Wave Featuring Polo G,Richer,2021-05-01,1
63,Dan + Shay,Glad You Exist,2021-05-01,1
64,Bad Bunny & Rosalia,La Noche de Anoche,2021-05-01,1
65,Miranda Lambert,Settling Down,2021-05-01,1
66,Young Thug Featuring Rowdy Rebel,Came And Saw,2021-05-01,1
67,"Lil Tjay, Polo G & Fivio Foreign",Headshot,2021-05-01,1
68,Justin Bieber,Anyone,2021-05-01,1
69,Luke Bryan,Down To One,2021-05-01,1
70,Brett Young,Lady,2021-05-01,1
71,Morray,Quicksand,2021-05-01,1
72,Keith Urban Duet With P!nk,One Too Many,2021-05-01,1
73,Chris Young + Kane Brown,Famous Friends,2021-05-01,1
74,Dierks Bentley,Gone,2021-05-01,1
75,Ava Max,My Head And My Heart,2021-05-01,1
76,Jordan Davis,Almost Maybes,2021-05-01,1
77,Young Thug & Gunna Featuring Lil Baby & YTB Trench,Paid The Fine,2021-05-01,1
78,Tiesto,The Business,2021-05-01,1
79,Elle King & Miranda Lambert,Drunk (And I Don't Wanna Go Home),2021-05-01,1
80,DaBaby,Masterpiece,2021-05-01,1
81,Ariana Grande,pov,2021-05-01,1
82,Florida Georgia Line,Long Live,2021-05-01,1
83,Lil Durk,Hellcats & Trackhawks,2021-05-01,1
84,Imagine Dragons,Follow You,2021-05-01,1
85,Dustin Lynch,Momma's House,2021-05-01,1
86,Dylan Scott,Nobody,2021-05-01,1
87,Kevin Gates,Big Gangsta,2021-05-01,1
88,Jazmine Sullivan,Pick Up Your Feelings,2021-05-01,1
89,Nelly & Florida Georgia Line,Lil Bit,2021-05-01,1
90,Taylor Swift,Mr. Perfectly Fine (Taylor's Version) (From The Vault),2021-05-01,1
91,Ryan Hurd With Maren Morris,Chasing After You,2021-05-01,1
92,Morgan Wallen,Wasted On You,2021-05-01,1
93,Lil Tjay Featuring Offset & Moneybagg Yo,Run It Up,2021-05-01,1
94,Duncan Laurence,Arcade,2021-05-01,1
95,VEDO,You Got It,2021-05-01,1
96,Moneybagg Yo Featuring BIG30,Go!,2021-05-01,1
97,Future & Lil Uzi Vert,Drankin N Smokin,2021-05-01,1
98,All Time Low Featuring Demi Lovato & blackbear ,Monsters,2021-05-01,1
99,Young Thug & Gunna Featuring Yak Gotti & Lil Duke,Slatty,2021-05-01,1
100,42 Dugg & Roddy Ricch,4 Da Gang,2021-05-01,1
