song,performer,date,chart_position,previous_position,peak,weeks_on_chart,hitTF,id,uri,danceability,energy,key,loudness,mode,speechiness,acousticness,instrumentalness,liveness,valence,tempo,duration_ms,time_signature
2 Much,Justin Bieber,2021-04-03,68,0,68,1,1,0oaY19dUwZimIgzn3ZZLZO,spotify:track:0oaY19dUwZimIgzn3ZZLZO,0.583,0.444,9,-8.601,1,0.0456,0.593,0.0,0.353,0.167,119.59,152796,4
34+35,Ariana Grande,2021-05-01,26,21,2,18,1,6Im9k8u9iIzKMrmV7BWtlF,spotify:track:6Im9k8u9iIzKMrmV7BWtlF,0.83,0.585,0,-6.476,1,0.094,0.237,0.0,0.248,0.485,109.978,173711,4
7 Summers,Morgan Wallen,2021-02-13,35,23,18,7,1,4obHzpwGrjoTuZh2DItEMZ,spotify:track:4obHzpwGrjoTuZh2DItEMZ,0.466,0.786,0,-5.13,1,0.0328,0.417,6.1e-05,0.125,0.571,203.903,210507,4
865,Morgan Wallen,2021-02-20,76,77,46,5,1,0sKEilrw1GrBlG6qsTCrP4,spotify:track:0sKEilrw1GrBlG6qsTCrP4,0.532,0.584,8,-5.254,1,0.0248,0.723,0.0,0.101,0.367,88.003,190680,4
Adderall (Corvette Corvette),Popp Hunna,2021-02-06,99,90,74,6,1,3aAmQOxRPeKDL0HMWFA5qn,spotify:track:3aAmQOxRPeKDL0HMWFA5qn,0.913,0.391,4,-11.158,0,0.368,0.272,0.0,0.0666,0.713,141.05,136224,4
Afterglow,Ed Sheeran,2021-03-06,94,65,29,10,1,0E4Y1XIbs8GrAT1YqVy6dq,spotify:track:0E4Y1XIbs8GrAT1YqVy6dq,0.641,0.324,11,-5.851,1,0.0299,0.698,0.0,0.328,0.273,110.184,185487,4
Ain't Always The Cowboy,Jon Pardi,2021-01-16,76,83,76,2,1,77XoAnllT85lmR9WP0D8dS,spotify:track:77XoAnllT85lmR9WP0D8dS,0.539,0.837,9,-3.458,1,0.0385,0.0094,0.0,0.262,0.551,151.913,220881,4
All I Got,Rod Wave,2021-04-10,71,0,71,1,1,4WjKemXvKTBbNFXZlQSxtf,spotify:track:4WjKemXvKTBbNFXZlQSxtf,0.516,0.509,1,-9.611,1,0.443,0.415,0.0,0.708,0.682,75.927,193455,1
Almost Maybes,Jordan Davis,2021-05-01,76,80,73,13,1,14JFKtBSqefxfMiKhq6JT8,spotify:track:14JFKtBSqefxfMiKhq6JT8,0.582,0.868,11,-3.927,1,0.0522,0.146,0.0,0.103,0.555,90.105,179153,4
Anyone,Justin Bieber,2021-05-01,68,70,6,16,1,31qCy5ZaophVA81wtlwLc4,spotify:track:31qCy5ZaophVA81wtlwLc4,0.686,0.538,2,-8.026,1,0.0345,0.181,3.13e-06,0.113,0.584,115.884,190779,4
Arcade,Duncan Laurence,2021-05-01,94,100,94,2,1,1Xi84slp6FryDSCbzq4UCD,spotify:track:1Xi84slp6FryDSCbzq4UCD,0.45,0.329,9,-12.603,0,0.0441,0.818,0.00109,0.135,0.266,71.884,183624,3
Astronaut In The Ocean,Masked Wolf,2021-05-01,7,10,7,10,1,3Ofmpyhv5UAQ70mENzB277,spotify:track:3Ofmpyhv5UAQ70mENzB277,0.778,0.695,4,-6.865,0,0.0913,0.175,0.0,0.15,0.472,149.996,132780,4
Backdoor,Lil Durk,2021-02-13,95,74,62,4,1,1MUsTqcuOaBeMnEL73K4fS,spotify:track:1MUsTqcuOaBeMnEL73K4fS,0.665,0.549,4,-7.597,0,0.311,0.107,3.51e-06,0.27,0.229,82.069,200000,4
Bang!,AJR,2021-03-13,35,31,8,11,1,53BHUFdQphHiZUUG3nx9zn,spotify:track:53BHUFdQphHiZUUG3nx9zn,0.74,0.516,1,-6.233,0,0.0507,0.0183,0.0,0.0558,0.698,139.918,170858,4
Beers And Sunshine,Darius Rucker,2021-04-03,100,81,42,13,1,36ISlLb12gKuCCVTYXC0gb,spotify:track:36ISlLb12gKuCCVTYXC0gb,0.57,0.645,5,-5.816,1,0.0304,0.134,0.0,0.147,0.677,81.084,178279,4
Before You Go,Lewis Capaldi,2021-02-27,33,32,24,8,1,2gMXnyrvIjhVBUZwvLZDMP,spotify:track:2gMXnyrvIjhVBUZwvLZDMP,0.459,0.575,3,-4.858,1,0.0573,0.604,0.0,0.0885,0.183,111.881,215107,4
Better Together,Luke Combs,2021-04-03,47,44,15,14,1,6gdLyYNuhWBzqwlOFSsXC7,spotify:track:6gdLyYNuhWBzqwlOFSsXC7,0.552,0.225,0,-11.501,1,0.0477,0.827,0.0,0.111,0.67,138.002,219573,4
Big Gangsta,Kevin Gates,2021-05-01,87,81,81,2,1,2HYvkdq6lpFXkVz9Tfqi8r,spotify:track:2HYvkdq6lpFXkVz9Tfqi8r,0.879,0.574,10,-5.602,0,0.391,0.519,8.76e-06,0.144,0.346,144.911,243463,4
"Big, Big Plans",Chris Lane,2021-02-27,89,86,49,9,1,7yNJCsUH3tXlpQiHSsAc5l,spotify:track:7yNJCsUH3tXlpQiHSsAc5l,0.574,0.58,7,-6.091,1,0.0278,0.076,0.0,0.12,0.4,149.974,187307,4
Blame On You,Rod Wave,2021-04-10,65,0,65,1,1,2wv6Kof28CpUCVkSuATXW9,spotify:track:2wv6Kof28CpUCVkSuATXW9,0.697,0.684,1,-7.272,0,0.187,0.264,0.0,0.0398,0.712,161.922,165926,4
Blinding Lights,The Weeknd,2021-05-01,13,11,3,17,1,0VjIjW4GlUZAMYd2vXMi3b,spotify:track:0VjIjW4GlUZAMYd2vXMi3b,0.514,0.73,1,-5.934,1,0.0598,0.00146,9.54e-05,0.0897,0.334,171.005,200040,4
Blue Christmas,Elvis Presley,2021-01-02,33,0,33,1,1,3QiAAp20rPC3dcAtKtMaqQ,spotify:track:3QiAAp20rPC3dcAtKtMaqQ,0.465,0.27,4,-16.661,1,0.0425,0.9,0.00104,0.145,0.58,94.518,129173,4
Body,Megan Thee Stallion,2021-04-17,84,81,16,16,1,0A1hoCfMLkiAgvhWkkucJa,spotify:track:0A1hoCfMLkiAgvhWkkucJa,0.914,0.732,8,-6.1,0,0.241,0.0166,0.0,0.107,0.469,94.066,171067,4
Breaking Up Was Easy In The 90's,Sam Hunt,2021-05-01,49,67,49,8,1,4sf2L157iEgAR7yrCNLgSq,spotify:track:4sf2L157iEgAR7yrCNLgSq,0.562,0.649,9,-5.4,1,0.0494,0.231,0.0,0.341,0.376,145.913,215933,4
Buss It,Erica Banks,2021-04-17,99,87,47,13,1,25j0Sape7qZbq6ZPLFefTT,spotify:track:25j0Sape7qZbq6ZPLFefTT,0.956,0.502,9,-5.995,1,0.213,0.0593,0.0,0.238,0.795,110.003,187000,4
Christmas (Baby Please Come Home),Darlene Love,2021-01-02,19,37,19,1,1,46pF1zFimM582ss1PrMy68,spotify:track:46pF1zFimM582ss1PrMy68,0.325,0.759,8,-7.146,1,0.053,0.395,0.000362,0.0773,0.36,126.627,166453,4
Cover Me Up,Morgan Wallen,2021-03-20,96,97,52,9,1,0mKnuxVkPi5h0kuvZl44VM,spotify:track:0mKnuxVkPi5h0kuvZl44VM,0.549,0.44,7,-8.192,1,0.0264,0.232,7.37e-06,0.107,0.214,128.01,293707,3
Damage,H.E.R.,2021-05-01,61,68,44,18,1,0KS2h61pHQ4WmOwruD7uxD,spotify:track:0KS2h61pHQ4WmOwruD7uxD,0.646,0.696,1,-6.505,1,0.065,0.113,0.0,0.115,0.18,81.336,223415,4
Dancing With The Devil,Demi Lovato,2021-04-24,98,56,56,2,1,2kONpeXXK70YEs7c0UQbmq,spotify:track:2kONpeXXK70YEs7c0UQbmq,0.413,0.64,8,-5.811,1,0.0427,0.273,0.0,0.11,0.149,75.245,243992,4
Dangerous,Morgan Wallen,2021-02-20,90,98,62,4,1,1MX19fnaW1OUQoglWTYaOo,spotify:track:1MX19fnaW1OUQoglWTYaOo,0.635,0.772,7,-4.825,1,0.0279,0.216,0.0,0.285,0.948,119.017,147893,4
De Una Vez,Selena Gomez,2021-01-30,92,0,92,1,1,1v3lhrZEsOcazqR2QIyyRu,spotify:track:1v3lhrZEsOcazqR2QIyyRu,0.659,0.479,11,-6.79,0,0.2,0.152,0.0025,0.268,0.0395,163.882,155956,4
Death Ain't Easy,Lil Durk,2021-01-09,93,0,93,1,1,6Op06b1puMDN89u3o224CQ,spotify:track:6Op06b1puMDN89u3o224CQ,0.793,0.549,1,-9.96,1,0.285,0.042,0.0,0.118,0.55,90.014,192052,4
Deserve You,Justin Bieber,2021-04-03,76,0,76,1,1,5NU40QTlXrDUJzDBdv79bg,spotify:track:5NU40QTlXrDUJzDBdv79bg,0.677,0.633,7,-7.831,1,0.0771,0.0314,0.0,0.112,0.409,89.934,187239,4
Diamonds,Sam Smith,2021-02-13,59,49,39,7,1,5hvwx5i67IwnCkjl9VHkNv,spotify:track:5hvwx5i67IwnCkjl9VHkNv,0.653,0.667,10,-6.764,0,0.0423,0.154,0.0,0.107,0.556,104.181,213869,4
Don't Forget,Rod Wave,2021-04-10,63,0,63,1,1,6aCC0TK1IJPALdwniMbok3,spotify:track:6aCC0TK1IJPALdwniMbok3,0.662,0.641,3,-5.013,0,0.21,0.498,0.0,0.315,0.882,172.93,249579,4
Down To One,Luke Bryan,2021-05-01,69,61,36,17,1,6QpZSfLid1YZ6c01BvB5jH,spotify:track:6QpZSfLid1YZ6c01BvB5jH,0.62,0.776,8,-4.109,1,0.0365,0.358,4.31e-05,0.11,0.551,93.963,221633,4
Dynamite,BTS,2021-04-10,30,26,5,15,1,4saklk6nie3yiGePpBwUoc,spotify:track:4saklk6nie3yiGePpBwUoc,0.746,0.765,6,-4.41,0,0.0993,0.0112,0.0,0.0936,0.737,114.044,199054,4
Everywhere But On,Matt Stell,2021-01-16,96,0,96,1,1,0ifYeH4gNXEyba41xr3I1w,spotify:track:0ifYeH4gNXEyba41xr3I1w,0.563,0.722,6,-3.972,1,0.0279,0.0345,0.0,0.0795,0.309,149.903,192587,4
Fake Woke,Tom MacDonald,2021-02-13,96,0,96,1,1,22N2WWWq3pGweYgP5o5q7w,spotify:track:22N2WWWq3pGweYgP5o5q7w,0.661,0.603,8,-6.805,1,0.133,0.0971,0.0,0.127,0.158,89.94,252000,4
Follow You,Imagine Dragons,2021-05-01,84,96,83,3,1,7FdUvDkaE24o3FPIWTvzv2,spotify:track:7FdUvDkaE24o3FPIWTvzv2,0.542,0.732,9,-5.956,1,0.0521,0.00209,7.92e-05,0.496,0.489,124.912,175644,4
Forever After All,Luke Combs,2021-05-01,35,44,35,18,1,6IBcOGPsniK3Pso1wHIhew,spotify:track:6IBcOGPsniK3Pso1wHIhew,0.487,0.65,0,-5.195,1,0.0253,0.191,0.0,0.0933,0.456,151.964,232533,4
GNF (OKOKOK),Polo G,2021-02-20,55,0,55,1,1,1A8990rtwHQ417l3yADe5t,spotify:track:1A8990rtwHQ417l3yADe5t,0.753,0.659,8,-9.671,1,0.416,0.659,0.0,0.098,0.459,146.022,116256,4
Ghost,Justin Bieber,2021-04-03,66,0,66,1,1,6I3mqTwhRpn34SLVafSH7G,spotify:track:6I3mqTwhRpn34SLVafSH7G,0.601,0.741,2,-5.569,1,0.0478,0.185,2.91e-05,0.415,0.441,153.96,153190,4
Glad You Exist,Dan + Shay,2021-05-01,63,78,63,11,1,472vIK1ldetTxRxG3ovaiY,spotify:track:472vIK1ldetTxRxG3ovaiY,0.748,0.551,11,-6.12,1,0.0349,0.235,0.0,0.119,0.66,103.953,144533,4
Gnat,Eminem,2021-01-02,60,0,60,1,1,6cS9PmLky2NhLOhpIsUlow,spotify:track:6cS9PmLky2NhLOhpIsUlow,0.835,0.869,10,-4.582,0,0.27,0.248,0.0,0.462,0.82,140.945,224656,4
Golden,Harry Styles,2021-03-20,65,59,57,12,1,45S5WTQEGOB1VHr1Q4FuPl,spotify:track:45S5WTQEGOB1VHr1Q4FuPl,0.448,0.838,4,-5.257,0,0.0557,0.21,0.000131,0.131,0.254,139.863,208907,4
Gone,Dierks Bentley,2021-05-01,74,99,74,6,1,7IhfjcaXuXCq20ZiAA7igK,spotify:track:7IhfjcaXuXCq20ZiAA7igK,0.521,0.746,6,-6.173,1,0.0351,0.00985,0.0,0.0741,0.473,149.977,205960,4
Gone Till November,Rod Wave,2021-04-10,61,0,61,1,1,09A5LOafre1MtFCBrjKmN4,spotify:track:09A5LOafre1MtFCBrjKmN4,0.478,0.537,11,-8.378,0,0.111,0.248,0.0,0.271,0.384,82.902,161019,4
Good Days,SZA,2021-05-01,44,39,9,17,1,3YJJjQPAbDT7mGpX3WtQ9A,spotify:track:3YJJjQPAbDT7mGpX3WtQ9A,0.436,0.655,1,-8.37,0,0.0583,0.499,8.1e-06,0.688,0.412,121.002,279204,4
Happy Does,Kenny Chesney,2021-02-27,83,70,47,8,1,2v08cjj3Th8RpfJgluECcj,spotify:track:2v08cjj3Th8RpfJgluECcj,0.715,0.665,6,-5.486,1,0.0383,0.3,0.0,0.123,0.597,109.018,168733,4
Happy Holiday / The Holiday Season,Andy Williams,2021-01-02,18,26,18,1,1,3sDdyBHQ60Cs1opmIyRvhp,spotify:track:3sDdyBHQ60Cs1opmIyRvhp,0.505,0.451,9,-10.193,0,0.0329,0.727,0.0,0.233,0.744,74.347,156867,4
Heartbreak Anniversary,Giveon,2021-05-01,20,26,20,10,1,3FAJ6O0NOHQV8Mc5Ri6ENp,spotify:track:3FAJ6O0NOHQV8Mc5Ri6ENp,0.449,0.465,0,-8.964,1,0.0791,0.524,1.02e-06,0.303,0.543,89.087,198371,3
Heat Waves,Glass Animals,2021-05-01,39,41,39,14,1,3USxtqRwSYz57Ewm6wWRMp,spotify:track:3USxtqRwSYz57Ewm6wWRMp,0.761,0.525,11,-6.9,1,0.0944,0.44,6.7e-06,0.0921,0.531,80.87,238805,4
Hell Of A View,Eric Church,2021-05-01,41,58,41,15,1,1kBx9VGumfuvlfqdlAGorE,spotify:track:1kBx9VGumfuvlfqdlAGorE,0.689,0.582,5,-6.778,1,0.0236,0.119,0.00464,0.101,0.883,99.021,175280,4
Hold On,Justin Bieber,2021-05-01,56,63,20,7,1,4u4NyuceXP7Uzh7XFJKCr1,spotify:track:4u4NyuceXP7Uzh7XFJKCr1,0.658,0.634,1,-5.797,0,0.0413,0.0106,0.0,0.132,0.29,139.98,170813,4
How The Game Go,Rod Wave,2021-04-10,88,0,88,1,1,0xR81QLM70brYBSNh2ga8w,spotify:track:0xR81QLM70brYBSNh2ga8w,0.741,0.727,8,-6.448,1,0.1,0.139,0.0,0.107,0.631,84.988,133272,4
How They Remember You,Rascal Flatts,2021-02-27,100,0,100,1,1,3qwPYg8xTWPafQD3YUNaTU,spotify:track:3qwPYg8xTWPafQD3YUNaTU,0.442,0.8,2,-5.12,1,0.0368,0.0124,0.0,0.0785,0.498,152.004,211707,4
I Should Probably Go To Bed,Dan + Shay,2021-01-30,38,30,28,4,1,5ovVcYo2MvjVydFwFyaaqy,spotify:track:5ovVcYo2MvjVydFwFyaaqy,0.721,0.277,1,-7.128,1,0.0365,0.634,0.0,0.112,0.309,131.935,171827,4
Jingle Bell Rock,Bobby Helms,2021-01-09,15,3,3,2,1,7vQbuQcyTflfCIOu3Uzzya,spotify:track:7vQbuQcyTflfCIOu3Uzzya,0.754,0.424,2,-8.463,1,0.0363,0.643,0.0,0.0652,0.806,119.705,130973,4
Kacey Talk,YoungBoy Never Broke Again,2021-02-06,98,90,90,2,1,1SF8piqsZWn86DajVKih8F,spotify:track:1SF8piqsZWn86DajVKih8F,0.877,0.607,10,-7.818,0,0.15,0.535,0.0,0.138,0.773,127.055,151249,4
Kanye Krazy,Lil Durk,2021-02-13,91,0,91,1,1,4m5sWoIMKI8yi4b6eMGhle,spotify:track:4m5sWoIMKI8yi4b6eMGhle,0.759,0.582,5,-6.469,0,0.0808,0.0497,1.49e-06,0.096,0.366,85.498,145965,4
Kings & Queens,Ava Max,2021-02-20,48,41,15,8,1,7a53HqqArd4b9NF4XAmlbI,spotify:track:7a53HqqArd4b9NF4XAmlbI,0.637,0.69,1,-4.057,0,0.0405,0.00786,0.0,0.124,0.457,129.857,162399,4
Lady,Brett Young,2021-05-01,70,66,52,15,1,3ySLzrN7950dpf1ncttONO,spotify:track:3ySLzrN7950dpf1ncttONO,0.408,0.523,7,-8.001,1,0.0353,0.417,9.58e-06,0.0877,0.428,169.954,193416,4
Last Christmas,Wham!,2021-01-02,9,14,9,1,1,2FRnf9qhLbvw8fu4IBXx78,spotify:track:2FRnf9qhLbvw8fu4IBXx78,0.735,0.478,2,-12.472,1,0.0293,0.189,2.48e-06,0.355,0.947,107.682,262960,4
Like I Want You,Giveon,2021-03-27,87,98,87,4,1,6qBFSepqLCuh5tehehc1bd,spotify:track:6qBFSepqLCuh5tehehc1bd,0.678,0.355,10,-7.757,0,0.0627,0.759,7.06e-05,0.114,0.438,119.772,260776,3
Long Live,Florida Georgia Line,2021-05-01,82,60,45,16,1,0YfRAYTNTNszGg8VARrSIH,spotify:track:0YfRAYTNTNszGg8VARrSIH,0.611,0.846,7,-3.548,1,0.0374,0.178,0.0,0.12,0.544,129.961,153253,4
Love You Like I Used To,Russell Dickerson,2021-01-30,56,60,50,5,1,1D7cfiC5mxqHfTCcOiRBej,spotify:track:1D7cfiC5mxqHfTCcOiRBej,0.501,0.788,10,-4.624,1,0.0415,0.12,0.0,0.137,0.61,152.047,186613,4
Made For You,Jake Owen,2021-05-01,42,43,42,9,1,7vF3xkCMvZjAe2nTWY0uQZ,spotify:track:7vF3xkCMvZjAe2nTWY0uQZ,0.581,0.441,1,-6.829,1,0.0268,0.77,2.75e-05,0.111,0.337,82.125,238400,4
Masterpiece,DaBaby,2021-05-01,80,82,55,13,1,26UxwWl9xCb83OynXELJcL,spotify:track:26UxwWl9xCb83OynXELJcL,0.781,0.726,0,-4.213,1,0.0836,0.0299,0.0,0.093,0.436,139.988,181714,4
Midnight Sky,Miley Cyrus,2021-01-23,98,71,71,3,1,27ycaQnQAxaPiyeg3nr2aB,spotify:track:27ycaQnQAxaPiyeg3nr2aB,0.705,0.814,4,-5.466,0,0.0346,0.00115,0.00312,0.203,0.259,110.0,223279,4
More Surprised Than Me,Morgan Wallen,2021-01-23,66,0,66,1,1,5NhcE6cuJjVYyVEKp97zOt,spotify:track:5NhcE6cuJjVYyVEKp97zOt,0.516,0.748,6,-6.049,1,0.0289,0.241,0.0,0.123,0.433,85.004,157440,4
More Than My Hometown,Morgan Wallen,2021-02-13,38,30,16,6,1,5OELUCYgOHKFAvCERnAvfS,spotify:track:5OELUCYgOHKFAvCERnAvfS,0.62,0.869,6,-5.479,1,0.0462,0.615,0.0,0.131,0.597,126.019,216573,4
Neon Eyes,Morgan Wallen,2021-01-23,63,0,63,1,1,3kOi5KZTcCOdqFlUjF9CDZ,spotify:track:3kOi5KZTcCOdqFlUjF9CDZ,0.576,0.843,11,-5.26,0,0.029,0.0214,8.04e-05,0.157,0.628,126.009,226147,4
New N3on,Playboi Carti,2021-01-09,92,0,92,1,1,7ejepEh5DJ79YI6owGRfkk,spotify:track:7ejepEh5DJ79YI6owGRfkk,0.888,0.833,6,-6.546,0,0.0737,0.0631,0.0,0.106,0.948,130.054,116361,4
Nobody,Dylan Scott,2021-05-01,86,91,85,8,1,5TWAIHYaOnYg4txfmCgon5,spotify:track:5TWAIHYaOnYg4txfmCgon5,0.573,0.747,0,-6.46,1,0.0319,0.519,1.13e-06,0.0867,0.645,79.952,160707,4
OMDB,Rod Wave,2021-04-10,89,0,89,1,1,0KBa4BiUHxQNrqsaDZzUG7,spotify:track:0KBa4BiUHxQNrqsaDZzUG7,0.522,0.523,1,-9.325,1,0.0538,0.183,0.0,0.122,0.184,82.408,185074,4
Off My Face,Justin Bieber,2021-04-03,64,0,64,1,1,3T03rPwlL8NVk1yIaxeD8U,spotify:track:3T03rPwlL8NVk1yIaxeD8U,0.509,0.228,4,-8.68,1,0.0332,0.92,0.0,0.104,0.586,90.674,156468,4
On Me,Lil Baby,2021-05-01,32,33,23,18,1,4Iedi94TIaB2GGb1nMB68v,spotify:track:4Iedi94TIaB2GGb1nMB68v,0.856,0.564,6,-6.295,0,0.392,0.00327,0.0,0.134,0.483,77.972,135960,4
Party Up (Up In Here),DMX,2021-04-24,40,0,40,1,1,4AIHPdr6x3qNbxTR8ngWdQ,spotify:track:4AIHPdr6x3qNbxTR8ngWdQ,0.554,0.941,11,-2.68,1,0.339,0.065,0.0,0.19,0.409,100.801,228400,4
Pick Up Your Feelings,Jazmine Sullivan,2021-05-01,88,86,75,13,1,2JLVZYEMmqPWbUoAJAMKfm,spotify:track:2JLVZYEMmqPWbUoAJAMKfm,0.729,0.414,7,-6.138,0,0.0565,0.291,0.0,0.0793,0.565,85.729,232096,3
Pills & Billz,Rod Wave,2021-04-10,85,0,85,1,1,7BG9FMjUVSCbVSCqP4drUU,spotify:track:7BG9FMjUVSCbVSCqP4drUU,0.725,0.548,5,-9.406,1,0.23,0.162,0.0,0.182,0.696,160.858,155031,4
Pretty Heart,Parker McCollum,2021-01-16,37,40,37,2,1,6vC90OOjZR165Hw8CpsqEm,spotify:track:6vC90OOjZR165Hw8CpsqEm,0.562,0.683,7,-4.427,1,0.0296,0.00531,0.0,0.107,0.385,132.003,244798,4
Put Your Records On,Ritt Momney,2021-04-17,43,43,30,16,1,6AGOKlMZWLCaEJGnaROtF9,spotify:track:6AGOKlMZWLCaEJGnaROtF9,0.399,0.491,6,-10.778,0,0.0538,0.0563,0.00089,0.11,0.151,91.066,210463,4
Quicksand,Morray,2021-05-01,71,85,71,11,1,4iCZ6Cr76For1TuHUQ90r8,spotify:track:4iCZ6Cr76For1TuHUQ90r8,0.901,0.656,4,-7.452,0,0.277,0.0807,0.0,0.181,0.599,119.956,224933,4
Redman,Lil Durk,2021-01-09,71,0,71,1,1,6ryWmFIfWRxIuqmUPtKIDh,spotify:track:6ryWmFIfWRxIuqmUPtKIDh,0.74,0.511,9,-10.507,0,0.262,0.481,0.0,0.12,0.841,160.017,95915,4
Refugee,Lil Durk,2021-01-09,86,0,86,1,1,0h5j92ZxFHprrZjRVwI5Uu,spotify:track:0h5j92ZxFHprrZjRVwI5Uu,0.857,0.355,1,-10.142,1,0.28,0.4,0.0,0.12,0.502,150.021,116800,4
Rockin' Around The Christmas Tree,Brenda Lee,2021-01-09,12,61,2,3,1,2EjXfH91m7f8HiJN1yQg97,spotify:track:2EjXfH91m7f8HiJN1yQg97,0.589,0.472,8,-8.749,1,0.0502,0.614,0.0,0.505,0.898,67.196,126267,4
Ruff Ryders' Anthem,DMX,2021-04-24,16,0,16,1,1,1BKT2I9x4RGKaKqW4up34s,spotify:track:1BKT2I9x4RGKaKqW4up34s,0.88,0.577,10,-8.093,0,0.302,0.0564,1.02e-06,0.201,0.74,90.991,214440,4
Sand In My Boots,Morgan Wallen,2021-04-03,96,80,32,11,1,0uRrG2jRR5tuifsYIJHEao,spotify:track:0uRrG2jRR5tuifsYIJHEao,0.403,0.537,3,-6.628,1,0.031,0.59,0.0,0.112,0.414,69.877,202133,4
Santa Tell Me,Ariana Grande,2021-01-02,17,32,17,1,1,0lizgQ7Qw35od7CYaoMBZb,spotify:track:0lizgQ7Qw35od7CYaoMBZb,0.525,0.621,7,-7.364,1,0.116,0.0489,0.0,0.294,0.591,191.9,204093,4
Save Your Tears,The Weeknd,2021-05-01,6,5,4,17,1,5QO79kh1waicV47BqGRL3g,spotify:track:5QO79kh1waicV47BqGRL3g,0.68,0.826,0,-5.487,1,0.0309,0.0212,1.24e-05,0.543,0.644,118.051,215627,4
Settling Down,Miranda Lambert,2021-05-01,65,76,65,6,1,53bZYxVbCYm6w1Gx8U64bz,spotify:track:53bZYxVbCYm6w1Gx8U64bz,0.643,0.756,6,-5.8,0,0.0305,0.0215,0.000268,0.101,0.934,90.001,197453,4
Shock Da World,Rod Wave,2021-04-10,96,0,96,1,1,1Thr5Yh8gHXeCSOpi2icWv,spotify:track:1Thr5Yh8gHXeCSOpi2icWv,0.693,0.53,1,-10.27,1,0.14,0.0213,2.18e-06,0.109,0.535,81.963,204171,4
Skin,Sabrina Carpenter,2021-02-20,99,89,48,3,1,03B2SfXuvDh1m9F4tqrX07,spotify:track:03B2SfXuvDh1m9F4tqrX07,0.557,0.457,7,-5.372,1,0.0335,0.428,0.0,0.0567,0.328,105.918,177500,4
Slay3r,Playboi Carti,2021-01-09,72,0,72,1,1,1eMNW1HQjF1dbb4GtnmpaX,spotify:track:1eMNW1HQjF1dbb4GtnmpaX,0.885,0.661,4,-5.062,0,0.141,0.165,0.0,0.334,0.436,140.028,164591,4
Sleigh Ride,The Ronettes,2021-01-02,13,19,13,1,1,5ASM6Qjiav2xPe7gRkQMsQ,spotify:track:5ASM6Qjiav2xPe7gRkQMsQ,0.529,0.772,2,-7.013,1,0.0287,0.403,2.21e-06,0.316,0.853,91.751,181267,4
Sneaky Links,Rod Wave,2021-04-10,98,0,98,1,1,1y5vxuMfT7g0b06wKAqbyH,spotify:track:1y5vxuMfT7g0b06wKAqbyH,0.676,0.561,0,-8.947,0,0.069,0.471,0.0,0.0829,0.587,148.93,178792,4
Some Girls,Jameson Rodgers,2021-01-16,85,0,85,1,1,54eUv9Q3D9MZuOGS5PSflp,spotify:track:54eUv9Q3D9MZuOGS5PSflp,0.429,0.831,8,-5.108,1,0.0473,0.0781,0.0,0.312,0.348,167.984,184893,4
Somebody Like That,Tenille Arts,2021-05-01,50,59,50,14,1,3hboOw4dS0aXGuP0fyyvbC,spotify:track:3hboOw4dS0aXGuP0fyyvbC,0.574,0.798,6,-5.356,1,0.0485,0.0152,0.0,0.111,0.58,105.034,198209,4
SoulFly,Rod Wave,2021-04-10,55,0,55,1,1,31IfCad1R5g6xqsfdrKwnE,spotify:track:31IfCad1R5g6xqsfdrKwnE,0.498,0.517,6,-11.403,0,0.262,0.211,0.0,0.339,0.405,109.716,188969,5
Starting Over,Chris Stapleton,2021-05-01,45,42,26,18,1,3TNSVsiFngfe68UJpMq1oS,spotify:track:3TNSVsiFngfe68UJpMq1oS,0.638,0.538,10,-8.445,1,0.0315,0.452,0.000415,0.0695,0.318,89.124,240413,4
Still Goin Down,Morgan Wallen,2021-02-20,94,76,45,6,1,096YtKWNRXdmYKFLelSBto,spotify:track:096YtKWNRXdmYKFLelSBto,0.58,0.751,7,-5.078,1,0.0267,0.49,0.0,0.277,0.718,148.108,186293,4
Street Runner,Rod Wave,2021-05-01,57,53,16,6,1,45kgqMRkC29qjBlzeaJcad,spotify:track:45kgqMRkC29qjBlzeaJcad,0.613,0.61,5,-8.633,0,0.246,0.211,0.000361,0.152,0.433,160.004,252021,4
Streets,Doja Cat,2021-05-01,51,48,16,15,1,60ynsPSSKe6O3sfwRnIBRf,spotify:track:60ynsPSSKe6O3sfwRnIBRf,0.749,0.463,11,-8.433,1,0.0828,0.208,0.0371,0.337,0.19,90.028,226987,4
Take Me Home For Christmas,Dan + Shay,2021-01-09,89,48,48,2,1,72HP2M4jjw4t0AIGdEVGEF,spotify:track:72HP2M4jjw4t0AIGdEVGEF,0.694,0.769,6,-4.665,1,0.0325,0.163,0.0,0.0976,0.663,93.033,203880,4
Take You Dancing,Jason Derulo,2021-02-06,78,78,57,5,1,59qrUpoplZxbIZxk6X0Bm3,spotify:track:59qrUpoplZxbIZxk6X0Bm3,0.789,0.711,2,-4.248,1,0.041,0.0332,0.0,0.0876,0.753,112.985,190306,4
Tequila Shots,Kid Cudi,2021-01-02,86,41,86,1,1,30KctD1WsHKTIYczXjip5a,spotify:track:30KctD1WsHKTIYczXjip5a,0.712,0.556,5,-7.214,0,0.0531,0.084,5.04e-05,0.527,0.22,90.494,193293,4
The Christmas Song (Merry Christmas To You),Nat King Cole,2021-01-09,44,11,11,2,1,4PS1e8f2LvuTFgUs1Cn3ON,spotify:track:4PS1e8f2LvuTFgUs1Cn3ON,0.319,0.21,1,-15.231,1,0.0341,0.92,8.06e-05,0.138,0.209,78.696,192160,4
The First Noel,Gabby Barrett,2021-01-02,78,0,78,1,1,25W3eewfp10geV3fzWIGq3,spotify:track:25W3eewfp10geV3fzWIGq3,0.458,0.351,10,-6.049,1,0.0244,0.696,0.0,0.143,0.102,79.993,261305,3
The Good Ones,Gabby Barrett,2021-05-01,21,19,19,17,1,3hLuHKzG1cmlRpq53ZVWd8,spotify:track:3hLuHKzG1cmlRpq53ZVWd8,0.519,0.552,2,-5.023,1,0.0259,0.18,0.0,0.149,0.331,89.957,215141,4
Therefore I Am,Billie Eilish,2021-05-01,30,24,12,18,1,54bFM56PmE4YLRnqpW6Tha,spotify:track:54bFM56PmE4YLRnqpW6Tha,0.889,0.34,11,-7.773,0,0.0697,0.218,0.13,0.055,0.716,94.009,174321,4
This Bar,Morgan Wallen,2021-01-23,92,0,92,1,1,075qcpR3BnxD5CWUIx1HTr,spotify:track:075qcpR3BnxD5CWUIx1HTr,0.553,0.884,2,-5.306,1,0.0771,0.0921,0.00033,0.0463,0.248,110.074,185280,4
This Christmas,Donny Hathaway,2021-01-02,39,0,39,1,1,38xhBO2AKrJnjdjVnhJES6,spotify:track:38xhBO2AKrJnjdjVnhJES6,0.634,0.645,5,-9.2,1,0.0376,0.292,0.0,0.246,0.677,93.047,231173,4
Throat Baby (Go Baby),BRS Kash,2021-03-27,50,46,24,13,1,31iqpzg1ZXLLgq0L5iIwLe,spotify:track:31iqpzg1ZXLLgq0L5iIwLe,0.9,0.521,4,-7.286,0,0.147,0.0135,0.0,0.0951,0.213,132.007,218182,4
Time Today,Moneybagg Yo,2021-05-01,53,51,37,11,1,0YrKSfpvflYnLSBd4Jtu6J,spotify:track:0YrKSfpvflYnLSBd4Jtu6J,0.912,0.608,1,-7.686,1,0.397,0.0458,0.0,0.248,0.327,136.994,136900,4
Tombstone,Rod Wave,2021-05-01,48,38,11,5,1,5pRTz4O2qOkr5nawemy6Wb,spotify:track:5pRTz4O2qOkr5nawemy6Wb,0.55,0.637,8,-5.212,1,0.163,0.597,0.0,0.129,0.535,84.448,160078,4
Took Her To The O,King Von,2021-01-16,86,94,86,3,1,7fEoXCZTZFosUFvFQg1BmW,spotify:track:7fEoXCZTZFosUFvFQg1BmW,0.82,0.592,1,-7.002,1,0.29,0.0149,4.71e-06,0.121,0.4,159.98,196180,4
Track Star,Mooski,2021-05-01,37,35,35,9,1,5hChuUMe5iHfjkXgzj1D4b,spotify:track:5hChuUMe5iHfjkXgzj1D4b,0.641,0.598,7,-5.7,0,0.324,0.381,0.0,0.0921,0.285,131.459,199706,5
Tyler Herro,Jack Harlow,2021-03-20,94,78,61,12,1,4DuUwzP4ALMqpquHU0ltAB,spotify:track:4DuUwzP4ALMqpquHU0ltAB,0.794,0.756,5,-7.16,0,0.136,0.11,0.0,0.247,0.775,123.066,156498,4
Up,Cardi B,2021-05-01,9,8,1,11,1,1XXimziG1uhM0eDNCZCrUl,spotify:track:1XXimziG1uhM0eDNCZCrUl,0.868,0.795,11,-6.044,1,0.269,0.0012,0.0193,0.0461,0.819,166.0,156945,4
Vamp Anthem,Playboi Carti,2021-01-09,90,0,90,1,1,4CzhtKifG867Lu5DNQVBSA,spotify:track:4CzhtKifG867Lu5DNQVBSA,0.642,0.69,11,-5.101,1,0.261,0.00599,1.3e-06,0.322,0.641,164.075,124094,4
Warning,Morgan Wallen,2021-02-20,93,79,42,5,1,64SCQtbRtmO28ks1QhS3w5,spotify:track:64SCQtbRtmO28ks1QhS3w5,0.633,0.664,10,-5.037,1,0.0294,0.46,0.0,0.108,0.268,115.058,156747,4
Wasted On You,Morgan Wallen,2021-05-01,92,97,9,15,1,3cBsEDNhFI9E82vPj3kvi3,spotify:track:3cBsEDNhFI9E82vPj3kvi3,0.505,0.657,11,-5.24,0,0.0318,0.373,0.00107,0.126,0.252,196.0,178520,3
Watermelon Sugar,Harry Styles,2021-01-16,42,47,42,2,1,6UelLqGlWMcVH1E5c4H7lY,spotify:track:6UelLqGlWMcVH1E5c4H7lY,0.548,0.816,0,-4.209,1,0.0465,0.122,0.0,0.335,0.557,95.39,174000,4
We're Good,Dua Lipa,2021-05-01,38,45,38,10,1,1diS6nkxMQc3wwC4G1j0bh,spotify:track:1diS6nkxMQc3wwC4G1j0bh,0.722,0.588,6,-5.932,1,0.0544,0.0319,0.0,0.183,0.59,134.01,165507,4
What You Know Bout Love,Pop Smoke,2021-05-01,17,14,9,18,1,1tkg4EHVoqnhR6iFEXb60y,spotify:track:1tkg4EHVoqnhR6iFEXb60y,0.709,0.548,10,-8.493,1,0.353,0.65,1.59e-06,0.133,0.543,83.995,160000,4
What's Love??,Rod Wave,2021-04-10,94,0,94,1,1,1snCyfUEoAFGMRzeGrwdio,spotify:track:1snCyfUEoAFGMRzeGrwdio,0.492,0.359,8,-12.047,0,0.187,0.819,0.0,0.0962,0.649,153.738,178854,3
What's Next,Drake,2021-05-01,28,25,1,7,1,3mDFLytDotXo2p0rvfGbkA,spotify:track:3mDFLytDotXo2p0rvfGbkA,0.777,0.58,0,-6.928,0,0.0525,0.0125,0.0,0.161,0.0636,129.918,178154,4
White Christmas,Bing Crosby,2021-01-02,20,38,20,1,1,4so0Wek9Ig1p6CRCHuINwW,spotify:track:4so0Wek9Ig1p6CRCHuINwW,0.317,0.158,9,-16.485,1,0.0381,0.673,0.353,0.338,0.247,130.503,177480,3
Whoopty,CJ,2021-04-17,48,38,10,16,1,5vGLcdRuSbUhD8ScwsGSdA,spotify:track:5vGLcdRuSbUhD8ScwsGSdA,0.719,0.648,3,-7.6,0,0.125,0.2,0.0,0.127,0.66,140.201,123263,4
Wonder,Shawn Mendes,2021-01-16,91,0,91,1,1,5KCbr5ndeby4y4ggthdiAb,spotify:track:5KCbr5ndeby4y4ggthdiAb,0.333,0.637,1,-4.904,0,0.0581,0.131,1.8e-05,0.149,0.132,139.898,172693,4
X Gon' Give It To Ya,DMX,2021-04-24,46,0,46,1,1,1zzxoZVylsna2BQB65Ppcb,spotify:track:1zzxoZVylsna2BQB65Ppcb,0.761,0.899,10,-3.09,0,0.183,0.0135,0.0,0.0719,0.673,95.027,217587,4
"You're A Mean One, Mr. Grinch",Thurl Ravenscroft,2021-01-02,32,0,32,1,1,4qP2V09IpTct5A1ZSnr1zh,spotify:track:4qP2V09IpTct5A1ZSnr1zh,0.517,0.484,2,-10.93,0,0.318,0.952,0.0075,0.129,0.42,141.914,315707,3
Your Bartender,Morgan Wallen,2021-01-23,84,0,84,1,1,01FvQEvHETjWqcDpQDJdTb,spotify:track:01FvQEvHETjWqcDpQDJdTb,0.555,0.771,4,-5.237,1,0.0282,0.247,7.26e-05,0.149,0.442,139.971,185093,4
pov,Ariana Grande,2021-05-01,81,0,81,1,1,3UoULw70kMsiVXxW0L3A33,spotify:track:3UoULw70kMsiVXxW0L3A33,0.487,0.534,0,-5.664,0,0.0555,0.36,0.0,0.1,0.173,131.798,201882,4
