song,performer,chart_position,previous_position,peak,weeks_on_chart,hitTF,id,danceability,energy,key,loudness,mode,speechiness,acousticness,instrumentalness,liveness,valence,tempo,duration_ms,time_signature
2 Much,Justin Bieber,68,0,68,1,1,0oaY19dUwZimIgzn3ZZLZO,0.583,0.444,9.0,-8.601,1.0,0.0456,0.593,0.0,0.353,0.167,119.59,152796.0,4.0
34+35,Ariana Grande Feat. Doja Cat & Megan Thee Stallion,19,40,8,9,1,6Im9k8u9iIzKMrmV7BWtlF,0.83,0.585,0.0,-6.476,1.0,0.094,0.237,0.0,0.248,0.485,109.978,173711.0,4.0
4 Da Gang,42 Dugg & Roddy Ricch,87,83,67,6,1,4KIkADzoVm3A10E9qyjsQ5,0.871,0.545,7.0,-10.489,1.0,0.189,0.0143,0.0,0.148,0.722,100.482,155720.0,4.0
7 Summers,Morgan Wallen,35,23,6,24,1,4obHzpwGrjoTuZh2DItEMZ,0.466,0.786,0.0,-5.13,1.0,0.0328,0.417,6.1e-05,0.125,0.571,203.903,210507.0,4.0
865,Morgan Wallen,76,77,46,5,1,0sKEilrw1GrBlG6qsTCrP4,0.532,0.584,8.0,-5.254,1.0,0.0248,0.723,0.0,0.101,0.367,88.003,190680.0,4.0
A Holly Jolly Christmas,Burl Ives,17,4,4,20,1,77khP2fIVhSW23NwxrRluh,0.683,0.375,0.0,-13.056,1.0,0.0303,0.579,0.0,0.076,0.888,140.467,135533.0,4.0
AP,Pop Smoke,99,64,64,2,1,17vGPZ5EsdvtgAOCD4FLWI,0.751,0.744,1.0,-6.859,1.0,0.177,0.152,0.000568,0.252,0.634,148.014,171892.0,4.0
Adderall (Corvette Corvette),Popp Hunna,99,90,74,6,1,3aAmQOxRPeKDL0HMWFA5qn,0.913,0.391,4.0,-11.158,0.0,0.368,0.272,0.0,0.0666,0.713,141.05,136224.0,4.0
Afterglow,Ed Sheeran,65,57,29,9,1,0E4Y1XIbs8GrAT1YqVy6dq,0.641,0.324,11.0,-5.851,1.0,0.0299,0.698,0.0,0.328,0.273,110.184,185487.0,4.0
Ain't Always The Cowboy,Jon Pardi,76,83,55,18,1,77XoAnllT85lmR9WP0D8dS,0.539,0.837,9.0,-3.458,1.0,0.0385,0.0094,0.0,0.262,0.551,151.913,220881.0,4.0
All I Got,Rod Wave,71,0,71,1,1,4WjKemXvKTBbNFXZlQSxtf,0.516,0.509,1.0,-9.611,1.0,0.443,0.415,0.0,0.708,0.682,75.927,193455.0,1.0
All I Know So Far,P!nk,74,0,74,1,1,4LmN3eU1R1vVEdKuDELpGk,0.578,0.639,4.0,-5.749,1.0,0.0374,0.0586,0.0,0.0944,0.296,108.045,277413.0,4.0
All I Want For Christmas Is You,Mariah Carey,9,1,1,44,1,0bYg9bo50gSsH3LtXe2SQn,0.336,0.627,7.0,-7.463,1.0,0.0384,0.164,0.0,0.0708,0.35,150.273,241107.0,4.0
Almost Maybes,Jordan Davis,86,73,73,9,1,14JFKtBSqefxfMiKhq6JT8,0.582,0.868,11.0,-3.927,1.0,0.0522,0.146,0.0,0.103,0.555,90.105,179153.0,4.0
Antes,Anuel AA & Ozuna,100,0,100,1,1,73O30uMI7n6DuzBmbtO7kC,0.817,0.737,6.0,-5.453,0.0,0.102,0.046,1.57e-05,0.092,0.67,93.985,206587.0,4.0
Anyone,Justin Bieber,31,33,6,9,1,31qCy5ZaophVA81wtlwLc4,0.686,0.538,2.0,-8.026,1.0,0.0345,0.181,3.13e-06,0.113,0.584,115.884,190779.0,4.0
Arcade,Duncan Laurence,78,89,78,5,1,1Xi84slp6FryDSCbzq4UCD,0.45,0.329,9.0,-12.603,0.0,0.0441,0.818,0.00109,0.135,0.266,71.884,183624.0,3.0
As I Am,Justin Bieber Featuring Khalid,92,72,43,3,1,4MmMxyew8yq1OEyJOMaX6M,0.608,0.547,11.0,-8.151,1.0,0.0368,0.131,0.0,0.0974,0.108,99.947,174406.0,4.0
Astronaut In The Ocean,Masked Wolf,10,10,10,9,1,3Ofmpyhv5UAQ70mENzB277,0.778,0.695,4.0,-6.865,0.0,0.0913,0.175,0.0,0.15,0.472,149.996,132780.0,4.0
B.S.,Jhene Aiko Featuring H.E.R.,56,52,24,23,1,63wx9vdskaXbYxyDx4oJCZ,0.617,0.525,8.0,-10.426,0.0,0.12,0.554,1.1e-06,0.135,0.377,135.781,212867.0,4.0
Back In Blood,Pooh Shiesty Featuring Lil Durk,13,13,13,9,1,7JuHVG3qQKQKxC4doneXVW,0.759,0.538,8.0,-8.256,0.0,0.384,0.151,0.0,0.126,0.831,146.933,184490.0,4.0
Back To The Streets,Saweetie Featuring Jhene Aiko,58,68,58,9,1,3MEruRteiUZXkStfTlZqRn,0.865,0.792,4.0,-4.207,1.0,0.0677,0.168,1.46e-05,0.107,0.562,101.985,189496.0,4.0
Backdoor,Lil Durk,95,0,62,4,1,1MUsTqcuOaBeMnEL73K4fS,0.665,0.549,4.0,-7.597,0.0,0.311,0.107,3.51e-06,0.27,0.229,82.069,200000.0,4.0
Bad Boy,Juice WRLD & Young Thug,98,83,22,5,1,43CIWpJaJHRcI4mUSjqgc2,0.697,0.674,1.0,-6.326,1.0,0.0533,0.00215,0.0,0.138,0.198,81.535,157355.0,4.0
Baila Conmigo,Selena Gomez With Rauw Alejandro,84,0,74,2,1,079Ey5uxL04AKPQgVQwx5h,0.823,0.544,5.0,-7.132,1.0,0.0715,0.0215,0.00315,0.0966,0.664,149.903,186088.0,4.0
Bandido,Myke Towers & Juhn,98,91,82,7,1,1xK1Gg9SxG8fy2Ya373oqb,0.713,0.617,8.0,-4.637,1.0,0.0887,0.122,0.0,0.0962,0.682,168.021,232853.0,4.0
Bang!,AJR,35,31,8,35,1,53BHUFdQphHiZUUG3nx9zn,0.74,0.516,1.0,-6.233,0.0,0.0507,0.0183,0.0,0.0558,0.698,139.918,170858.0,4.0
Beat Box,SpotemGottem Featuring Pooh Shiesty Or DaBaby,20,25,15,9,1,6toQdWWc4noiOk3Eo5mVDS,0.853,0.426,1.0,-6.812,1.0,0.374,0.0765,0.0,0.104,0.201,160.051,200424.0,4.0
Beautiful Mistakes,Maroon 5 Featuring Megan Thee Stallion,19,18,18,9,1,6fRxMU4LWwyaSSowV441IU,0.713,0.676,10.0,-5.483,1.0,0.027,0.0377,0.0,0.154,0.721,99.048,227395.0,4.0
Beers And Sunshine,Darius Rucker,46,55,46,9,1,36ISlLb12gKuCCVTYXC0gb,0.57,0.645,5.0,-5.816,1.0,0.0304,0.134,0.0,0.147,0.677,81.084,178279.0,4.0
Before You Go,Lewis Capaldi,33,32,9,52,1,2gMXnyrvIjhVBUZwvLZDMP,0.459,0.575,3.0,-4.858,1.0,0.0573,0.604,0.0,0.0885,0.183,111.881,215107.0,4.0
Best Friend,Saweetie Featuring Doja Cat,22,22,22,9,1,2etHQJxIbV0soyPhelVs9Y,0.84,0.766,4.0,-4.12,1.0,0.136,0.00302,3.61e-06,0.0684,0.402,94.018,155884.0,4.0
Better Days,Ant Clemons Featuring Justin Timberlake,94,0,94,1,1,2K0r5GD5zYlEMx2M7ZMcqG,0.626,0.726,5.0,-5.015,1.0,0.0376,0.235,0.0,0.304,0.257,89.132,144530.0,4.0
Better Together,Luke Combs,47,44,15,25,1,6gdLyYNuhWBzqwlOFSsXC7,0.552,0.225,0.0,-11.501,1.0,0.0477,0.827,0.0,0.111,0.67,138.002,219573.0,4.0
Bichota,Karol G,75,88,73,9,1,7vrJn5hDSXRmdXoR30KgF1,0.863,0.666,1.0,-4.158,0.0,0.152,0.212,0.000493,0.103,0.838,163.908,178947.0,4.0
Big Gangsta,Kevin Gates,92,88,81,5,1,2HYvkdq6lpFXkVz9Tfqi8r,0.879,0.574,10.0,-5.602,0.0,0.391,0.519,8.76e-06,0.144,0.346,144.911,243463.0,4.0
Big Paper,DJ Khaled Featuring Cardi B,84,0,84,1,1,2ES75ADP1RR9TQmYqtDtyB,0.725,0.638,1.0,-4.906,1.0,0.204,0.00838,0.0,0.104,0.316,119.795,159538.0,5.0
Big Purr (Prrdd),Coi Leray & Pooh Shiesty,89,82,69,3,1,5byWPNSh2hi0ULmDxBgLyV,0.774,0.412,1.0,-8.619,1.0,0.378,0.026,0.0,0.088,0.38,139.943,116760.0,4.0
"Big, Big Plans",Chris Lane,89,86,42,20,1,7yNJCsUH3tXlpQiHSsAc5l,0.574,0.58,7.0,-6.091,1.0,0.0278,0.076,0.0,0.12,0.4,149.974,187307.0,4.0
Blame It On You,Jason Aldean,71,87,71,3,1,2CwG4BXIlGmmYLDmDvwMTH,0.484,0.783,2.0,-5.334,1.0,0.0308,0.0957,0.000118,0.107,0.594,137.918,215360.0,4.0
Blame On You,Rod Wave,65,0,65,1,1,2wv6Kof28CpUCVkSuATXW9,0.697,0.684,1.0,-7.272,0.0,0.187,0.264,0.0,0.0398,0.712,161.922,165926.0,4.0
Blinding Lights,The Weeknd,12,11,1,75,1,0VjIjW4GlUZAMYd2vXMi3b,0.514,0.73,1.0,-5.934,1.0,0.0598,0.00146,9.54e-05,0.0897,0.334,171.005,200040.0,4.0
Body,Megan Thee Stallion,16,20,12,9,1,0A1hoCfMLkiAgvhWkkucJa,0.914,0.732,8.0,-6.1,0.0,0.241,0.0166,0.0,0.107,0.469,94.066,171067.0,4.0
Body In Motion,"DJ Khaled Featuring Bryson Tiller, Lil Baby & Roddy Ricch",79,0,79,1,1,1IZGMPe57hATuLJgmMR4eP,0.669,0.687,6.0,-5.782,0.0,0.12,0.009,0.0,0.508,0.335,91.969,306194.0,4.0
Botella Tras Botella,Gera MX + Christian Nodal,89,76,60,3,1,2MnLkFqY9Rpg9s3Zv6ZJdK,0.727,0.546,0.0,-4.572,1.0,0.0437,0.656,0.0,0.122,0.69,106.891,197333.0,4.0
Box Of Churches,Pooh Shiesty Featuring 21 Savage,81,0,81,1,1,7nqrlx3FhUaURA80jJjSdD,0.797,0.605,2.0,-7.9,0.0,0.377,0.144,0.0,0.35,0.518,139.963,185402.0,4.0
Breaking Up Was Easy In The 90's,Sam Hunt,46,49,46,9,1,4sf2L157iEgAR7yrCNLgSq,0.562,0.649,9.0,-5.4,1.0,0.0494,0.231,0.0,0.341,0.376,145.913,215933.0,4.0
Buss It,Erica Banks,61,57,47,9,1,25j0Sape7qZbq6ZPLFefTT,0.956,0.502,9.0,-5.995,1.0,0.213,0.0593,0.0,0.238,0.795,110.003,187000.0,4.0
Calling My Phone,Lil Tjay Featuring 6LACK,13,11,3,9,1,3J8EOeKLTLXORtWPpOU5bE,0.907,0.393,4.0,-7.636,0.0,0.0539,0.451,1.35e-06,0.135,0.202,104.949,205458.0,4.0
Came And Saw,Young Thug Featuring Rowdy Rebel,66,0,66,1,1,3GkEnNf2RWmdwkA2FfjQ3g,0.771,0.817,2.0,-6.791,1.0,0.214,0.306,0.0,0.155,0.554,123.952,174413.0,4.0
Champagne Night,Lady A,93,62,33,14,1,48F2xnWq3LuzYWML327Z2r,0.523,0.927,4.0,-2.796,1.0,0.0489,0.0272,5.98e-06,0.168,0.939,149.929,185070.0,4.0
Chasing After You,Ryan Hurd With Maren Morris,90,0,90,3,1,1ZIKpMTRPqhwAoVXWY3tXI,0.596,0.679,4.0,-6.395,1.0,0.0394,0.723,0.0,0.116,0.479,131.912,207974.0,4.0
Chicken Tendies,Clinton Kane,88,0,88,1,1,0awuNCj9gwJEM0seER22DW,0.57,0.689,7.0,-6.242,1.0,0.147,0.358,0.0,0.0819,0.568,100.087,196844.0,4.0
Clear Da Air,Moneybagg Yo,100,0,100,1,1,6YkP0P7VPAENzoRjy8ojV2,0.818,0.583,1.0,-7.525,1.0,0.285,0.0551,0.0,0.213,0.17,129.811,192256.0,4.0
Clouds,NF,93,0,53,2,1,5UMMPHPp6vRP6ghPpSUOzp,0.793,0.65,1.0,-3.944,1.0,0.397,0.371,0.0,0.854,0.809,128.111,243750.0,4.0
Come Through,H.E.R. Featuring Chris Brown,64,0,64,1,1,3krZxyBsWEHfEfJegYaWTd,0.615,0.422,5.0,-8.019,0.0,0.0504,0.604,0.0,0.112,0.185,135.859,214094.0,5.0
Country Again,Thomas Rhett,95,73,73,2,1,3CiF9D8iuVhZWDvvjf8HpG,0.467,0.481,2.0,-6.947,1.0,0.0255,0.227,0.000189,0.11,0.248,147.886,221240.0,4.0
Cover Me Up,Morgan Wallen,97,95,52,9,1,0mKnuxVkPi5h0kuvZl44VM,0.549,0.44,7.0,-8.192,1.0,0.0264,0.232,7.37e-06,0.107,0.214,128.01,293707.0,3.0
Cry Baby,Megan Thee Stallion Featuring DaBaby,43,54,43,9,1,4aarlAfLKVCTxUDNgbwhjH,0.957,0.437,11.0,-7.882,1.0,0.359,0.00402,0.0,0.219,0.616,130.058,137984.0,4.0
Dakiti,Bad Bunny & Jhay Cortez,20,34,5,9,1,47EiUVwUp4C9fGccaPuUCS,0.731,0.573,4.0,-10.059,0.0,0.0544,0.401,5.22e-05,0.113,0.145,109.928,205090.0,4.0
Damage,H.E.R.,47,51,47,9,1,0KS2h61pHQ4WmOwruD7uxD,0.646,0.696,1.0,-6.505,1.0,0.065,0.113,0.0,0.115,0.18,81.336,223415.0,4.0
Dancing With The Devil,Demi Lovato,98,56,56,2,1,2kONpeXXK70YEs7c0UQbmq,0.413,0.64,8.0,-5.811,1.0,0.0427,0.273,0.0,0.11,0.149,75.245,243992.0,4.0
Dangerous,Morgan Wallen,90,98,62,4,1,1MX19fnaW1OUQoglWTYaOo,0.635,0.772,7.0,-4.825,1.0,0.0279,0.216,0.0,0.285,0.948,119.017,147893.0,4.0
Daywalker!,Machine Gun Kelly & CORPSE,88,0,88,1,1,2NnJpRXIlx35Vij3bPZO0h,0.632,0.922,7.0,-2.173,1.0,0.0794,0.00558,1.81e-05,0.0927,0.497,88.972,137747.0,4.0
De Una Vez,Selena Gomez,92,0,92,1,1,1v3lhrZEsOcazqR2QIyyRu,0.659,0.479,11.0,-6.79,0.0,0.2,0.152,0.0025,0.268,0.0395,163.882,155956.0,4.0
Death Ain't Easy,Lil Durk,93,0,93,1,1,6Op06b1puMDN89u3o224CQ,0.793,0.549,1.0,-9.96,1.0,0.285,0.042,0.0,0.118,0.55,90.014,192052.0,4.0
Deja Vu,Olivia Rodrigo,17,15,8,6,1,61KpQadow081I2AsbeLcsb,0.439,0.61,9.0,-7.236,1.0,0.116,0.593,1.07e-05,0.341,0.172,181.088,215508.0,4.0
Deserve You,Justin Bieber,76,0,76,1,1,5NU40QTlXrDUJzDBdv79bg,0.677,0.633,7.0,-7.831,1.0,0.0771,0.0314,0.0,0.112,0.409,89.934,187239.0,4.0
Diamonds,Sam Smith,59,49,39,20,1,5hvwx5i67IwnCkjl9VHkNv,0.653,0.667,10.0,-6.764,0.0,0.0423,0.154,0.0,0.107,0.556,104.181,213869.0,4.0
Diamonds Dancing,Young Thug & Gunna Featuring Travis Scott,46,0,46,1,1,7uZqvqXzzYMKrexKxdcGmd,0.851,0.703,4.0,-7.351,0.0,0.303,0.00949,2.57e-05,0.0895,0.596,74.017,242600.0,4.0
Die For You,Justin Bieber Featuring Dominic Fike,81,0,81,1,1,2Ch7LmS7r2Gy2kc64wv3Bz,0.582,0.525,1.0,-7.163,0.0,0.0627,0.111,0.0,0.134,0.51,133.249,260253.0,4.0
Don't Forget,Rod Wave,63,0,63,1,1,6aCC0TK1IJPALdwniMbok3,0.662,0.641,3.0,-5.013,0.0,0.21,0.498,0.0,0.315,0.882,172.93,249579.0,4.0
Down To One,Luke Bryan,37,46,37,9,1,6QpZSfLid1YZ6c01BvB5jH,0.62,0.776,8.0,-4.109,1.0,0.0365,0.358,4.31e-05,0.11,0.551,93.963,221633.0,4.0
Drankin N Smokin,Future & Lil Uzi Vert,93,90,31,9,1,0k7wmahjkn389wAZdz19Cv,0.752,0.658,0.0,-6.297,1.0,0.342,0.0421,0.0,0.0927,0.387,151.951,213520.0,4.0
Drivers License,Olivia Rodrigo,5,1,1,9,1,7lPN2DXiMsVn7XUKtOW1CS,0.585,0.436,10.0,-8.761,1.0,0.0601,0.721,1.31e-05,0.105,0.132,143.874,242014.0,4.0
Drunk (And I Don't Wanna Go Home),Elle King & Miranda Lambert,98,0,79,4,1,0QULNNd9z5s35entfiiXoa,0.612,0.884,5.0,-4.4,1.0,0.0459,0.00516,0.0,0.0997,0.626,119.991,245626.0,4.0
Durag Activity,Baby Keem & Travis Scott,85,0,85,1,1,4JJcP0Rv9AgyPD6ZGaC8EE,0.89,0.701,0.0,-5.712,0.0,0.342,0.00306,3.06e-06,0.0895,0.505,80.462,225020.0,4.0
Dynamite,BTS,30,26,1,32,1,4saklk6nie3yiGePpBwUoc,0.746,0.765,6.0,-4.41,0.0,0.0993,0.0112,0.0,0.0936,0.737,114.044,199054.0,4.0
Every Chance I Get,DJ Khaled Featuring Lil Baby & Lil Durk,21,20,20,2,1,1EJIcDYXwSqipW5dFe4uJz,0.477,0.727,2.0,-4.053,1.0,0.286,0.000866,0.0,0.108,0.227,150.062,236524.0,4.0
Everywhere But On,Matt Stell,96,0,48,12,1,0ifYeH4gNXEyba41xr3I1w,0.563,0.722,6.0,-3.972,1.0,0.0279,0.0345,0.0,0.0795,0.309,149.903,192587.0,4.0
Fake Woke,Tom MacDonald,96,0,96,1,1,22N2WWWq3pGweYgP5o5q7w,0.661,0.603,8.0,-6.805,1.0,0.133,0.0971,0.0,0.127,0.158,89.94,252000.0,4.0
Famous Friends,Chris Young + Kane Brown,61,66,61,7,1,4iXDn9pu5Q9sxv45vE8Lak,0.533,0.855,6.0,-2.901,1.0,0.0356,0.0553,0.0,0.335,0.64,102.017,165569.0,4.0
Fearless (Taylor's Version),Taylor Swift,71,0,71,1,1,0CrFthvOHQZ6fvyzk3JYWW,0.452,0.835,5.0,-6.764,1.0,0.0304,0.279,0.53,0.23,0.311,99.971,236855.0,4.0
Feliz Navidad,Jose Feliciano,39,6,6,15,1,0oPdaY4dXtc3ZsaG17V972,0.513,0.831,2.0,-9.004,1.0,0.0383,0.55,0.0,0.336,0.963,148.837,182067.0,4.0
Fifteen (Taylor's Version),Taylor Swift,88,0,88,1,1,2xAbbmHBTPmMzpKjk6afdE,0.559,0.646,7.0,-4.61,1.0,0.0272,0.116,0.0,0.32,0.289,95.466,294419.0,4.0
Film Out,BTS,81,0,81,1,1,3UHPGOkUcE4hE7sqBF4Snt,0.499,0.709,10.0,-6.404,1.0,0.134,0.296,0.0,0.331,0.314,164.032,214621.0,4.0
Final Warning,NLE Choppa,90,0,90,1,1,3LVcKphzONOdQ2EATazlZq,0.847,0.912,11.0,-3.129,1.0,0.257,0.0781,0.0,0.142,0.88,81.486,156895.0,4.0
Finesse Out The Gang Way,Lil Durk Featuring Lil Baby,97,91,39,7,1,15bnyEOUVRkwWlxR4F7xzF,0.738,0.885,1.0,-4.159,0.0,0.126,0.213,0.0,0.098,0.49,100.508,186283.0,3.0
Follow You,Imagine Dragons,68,75,68,6,1,7FdUvDkaE24o3FPIWTvzv2,0.542,0.732,9.0,-5.956,1.0,0.0521,0.00209,7.92e-05,0.496,0.489,124.912,175644.0,4.0
For The Night,Pop Smoke Featuring Lil Baby & DaBaby,45,40,6,43,1,0PvFJmanyNQMseIFrU708S,0.823,0.586,6.0,-6.606,0.0,0.2,0.114,0.0,0.193,0.347,125.971,190476.0,4.0
Forever & Always (Taylor's Version),Taylor Swift,65,0,65,1,1,5tT7zDTuOAMcl1O9PHj169,0.598,0.821,10.0,-4.433,1.0,0.0447,0.0231,0.0,0.143,0.673,128.03,225328.0,4.0
Forever After All,Luke Combs,22,23,2,29,1,6IBcOGPsniK3Pso1wHIhew,0.487,0.65,0.0,-5.195,1.0,0.0253,0.191,0.0,0.0933,0.456,151.964,232533.0,4.0
Free Promo,Moneybagg Yo Featuring Polo G & Lil Durk,80,0,80,1,1,1HjTPHXn4awvfwhjclnjfZ,0.774,0.627,1.0,-6.874,1.0,0.246,0.0236,0.0,0.181,0.437,155.116,179398.0,4.0
GNF (OKOKOK),Polo G,55,0,55,1,1,1A8990rtwHQ417l3yADe5t,0.753,0.659,8.0,-9.671,1.0,0.416,0.659,0.0,0.098,0.459,146.022,116256.0,4.0
Ghost,Justin Bieber,66,0,66,1,1,7vgTNTaEz3CsBZ1N4YQalM,0.573,0.545,7.0,-4.247,0.0,0.0288,0.0969,0.0,0.329,0.297,83.378,271387.0,4.0
Girl Like Me,Black Eyed Peas X Shakira,70,69,67,9,1,1zLBsSVxETQOfINOLYvT5m,0.965,0.485,2.0,-8.784,1.0,0.191,0.0206,0.0237,0.0655,0.312,124.025,222523.0,4.0
Glad You Exist,Dan + Shay,85,92,63,9,1,472vIK1ldetTxRxG3ovaiY,0.748,0.551,11.0,-6.12,1.0,0.0349,0.235,0.0,0.119,0.66,103.953,144533.0,4.0
Go Crazy,Chris Brown & Young Thug,28,25,3,52,1,1IIKrJVP1C9N7iPtG6eOsK,0.755,0.578,0.0,-8.932,0.0,0.145,0.316,0.0,0.25,0.581,94.148,176960.0,4.0
Go!,Moneybagg Yo Featuring BIG30,100,80,52,4,1,6PERP62TejQjgHu81OHxgM,0.556,0.661,6.0,-5.052,0.0,0.204,0.3,0.0,0.101,0.668,168.56,178148.0,4.0
Go2DaMoon,Playboi Carti Featuring Kanye West,82,0,82,1,1,0F13K9dwYH2zpTWiR8d628,0.693,0.434,4.0,-8.786,0.0,0.385,0.204,0.0,0.277,0.542,147.066,119738.0,4.0
Golden,Harry Styles,65,59,57,20,1,45S5WTQEGOB1VHr1Q4FuPl,0.448,0.838,4.0,-5.257,0.0,0.0557,0.21,0.000131,0.131,0.254,139.863,208907.0,4.0
Gone,Dierks Bentley,59,63,59,9,1,7IhfjcaXuXCq20ZiAA7igK,0.521,0.746,6.0,-6.173,1.0,0.0351,0.00985,0.0,0.0741,0.473,149.977,205960.0,4.0
Gone Till November,Rod Wave,61,0,61,1,1,09A5LOafre1MtFCBrjKmN4,0.478,0.537,11.0,-8.378,0.0,0.111,0.248,0.0,0.271,0.384,82.902,161019.0,4.0
Good Days,SZA,17,18,9,9,1,3YJJjQPAbDT7mGpX3WtQ9A,0.436,0.655,1.0,-8.37,0.0,0.0583,0.499,8.1e-06,0.688,0.412,121.002,279204.0,4.0
Good Time,Niko Moon,49,41,20,25,1,1kPpge9JDLpcj15qgrPbYX,0.56,0.872,3.0,-4.269,1.0,0.14,0.0239,6.98e-06,0.371,0.682,126.05,205933.0,4.0
Goosebumps,Travis Scott & HVME,57,58,56,9,1,6gBFPUFcJLzWGx4lenP6h2,0.841,0.728,7.0,-3.37,1.0,0.0484,0.0847,0.0,0.149,0.43,130.049,243837.0,4.0
Gravity,"Brent Faiyaz & DJ Dahi Featuring Tyler, The Creator",71,0,71,1,1,6u3CPnFMKANYgfdiifFOiJ,0.539,0.615,1.0,-8.746,0.0,0.252,0.173,0.0056,0.144,0.493,163.924,214693.0,4.0
Happy Anywhere,Blake Shelton Featuring Gwen Stefani,32,42,32,22,1,2DwbFtfC6sXBiVDPmju8Dd,0.538,0.745,8.0,-5.774,1.0,0.0387,0.1,0.0,0.063,0.669,165.755,170173.0,4.0
Happy Does,Kenny Chesney,70,69,69,9,1,2v08cjj3Th8RpfJgluECcj,0.715,0.665,6.0,-5.486,1.0,0.0383,0.3,0.0,0.123,0.597,109.018,168733.0,4.0
Hard For The Next,Moneybagg Yo & Future,81,72,49,5,1,2D6vfFZxQ5YzPPBODls1a9,0.619,0.573,1.0,-7.277,1.0,0.393,0.0352,0.0,0.228,0.376,175.187,166392.0,3.0
Hawai,Maluma & The Weeknd,50,43,12,21,1,0GzuHFG4Ql6DoyxFRnIk3F,0.766,0.788,6.0,-3.128,0.0,0.312,0.105,5.81e-06,0.142,0.609,179.984,200482.0,4.0
Headshot,"Lil Tjay, Polo G & Fivio Foreign",99,94,42,8,1,4eNOLmx8r2IJAVKvBBL1jv,0.808,0.639,1.0,-7.266,0.0,0.279,0.0802,0.0,0.15,0.395,118.0,144349.0,4.0
Heartbreak Anniversary,Giveon,26,22,22,9,1,3FAJ6O0NOHQV8Mc5Ri6ENp,0.449,0.465,0.0,-8.964,1.0,0.0791,0.524,1.02e-06,0.303,0.543,89.087,198371.0,3.0
Heat Waves,Glass Animals,56,57,56,9,1,3USxtqRwSYz57Ewm6wWRMp,0.761,0.525,11.0,-6.9,1.0,0.0944,0.44,6.7e-06,0.0921,0.531,80.87,238805.0,4.0
Hell Of A View,Eric Church,68,70,68,9,1,1kBx9VGumfuvlfqdlAGorE,0.689,0.582,5.0,-6.778,1.0,0.0236,0.119,0.00464,0.101,0.883,99.021,175280.0,4.0
Hellcats & Trackhawks,Lil Durk,93,92,69,9,1,53tv6ZbyeAwfAUwFaxYbfO,0.841,0.672,1.0,-5.557,0.0,0.371,0.0122,0.0,0.321,0.599,157.026,146845.0,4.0
Hello,Pop Smoke Featuring A Boogie Wit da Hoodie,84,98,84,8,1,2r6OAV3WsYtXuXjvJ1lIDi,0.905,0.647,10.0,-5.065,0.0,0.107,0.0187,0.0,0.282,0.367,130.97,190534.0,4.0
Higher Power,Coldplay,53,0,53,1,1,0939D7aT18uBDS2MTjWzct,0.507,0.828,10.0,-6.023,1.0,0.0449,0.00711,2.44e-05,0.261,0.489,178.032,211295.0,4.0
Hit Bout It,Lil Yachty Featuring Kodak Black,67,0,67,1,1,6SN1H9p6A0UbsNpfkxEEX6,0.631,0.72,1.0,-5.262,1.0,0.0617,0.0779,0.00737,0.135,0.123,180.899,177158.0,4.0
Hit Different,SZA Featuring Ty Dolla $ign,83,86,29,20,1,7Bar1kLTmsRmH6FCKKMEyU,0.679,0.516,0.0,-6.371,0.0,0.0452,0.199,0.0,0.0965,0.716,120.074,202008.0,4.0
Hold On,Justin Bieber,60,57,20,9,1,4u4NyuceXP7Uzh7XFJKCr1,0.658,0.634,1.0,-5.797,0.0,0.0413,0.0106,0.0,0.132,0.29,139.98,170813.0,4.0
Hole In The Bottle,Kelsea Ballerini,89,69,39,20,1,2yySWxfeRN2QRZnFMnYMQl,0.478,0.873,4.0,-3.637,1.0,0.122,0.0486,0.0,0.374,0.739,104.365,155668.0,4.0
Holiday,Lil Nas X,58,47,37,9,1,6zFMeegAMYQo0mt8rXtrli,0.81,0.511,5.0,-6.924,0.0,0.164,0.12,0.0,0.0832,0.837,151.947,154998.0,4.0
Holy,Justin Bieber Featuring Chance The Rapper,49,29,3,25,1,5u1n1kITHCxxp8twBcZxWy,0.673,0.704,6.0,-8.056,1.0,0.36,0.196,0.0,0.0898,0.372,86.919,212093.0,4.0
How The Game Go,Rod Wave,88,0,88,1,1,0xR81QLM70brYBSNh2ga8w,0.741,0.727,8.0,-6.448,1.0,0.1,0.139,0.0,0.107,0.631,84.988,133272.0,4.0
How They Remember You,Rascal Flatts,89,0,89,2,1,3qwPYg8xTWPafQD3YUNaTU,0.442,0.8,2.0,-5.12,1.0,0.0368,0.0124,0.0,0.0785,0.498,152.004,211707.0,4.0
I Did It,"DJ Khaled Featuring Post Malone, Megan Thee Stallion, Lil Baby & DaBaby",88,43,43,2,1,20GrahbI4AzAOWxpYfDKkf,0.757,0.721,4.0,-2.906,0.0,0.0691,0.00196,0.0,0.647,0.364,124.036,165366.0,4.0
I Hope,Gabby Barrett Featuring Charlie Puth,24,18,3,62,1,23T0OX7QOiIUFShSzbJ5Uo,0.466,0.536,6.0,-6.227,1.0,0.0429,0.0951,0.0,0.114,0.377,75.998,210773.0,4.0
I Should Probably Go To Bed,Dan + Shay,38,30,28,24,1,5ovVcYo2MvjVydFwFyaaqy,0.721,0.277,1.0,-7.128,1.0,0.0365,0.634,0.0,0.112,0.309,131.935,171827.0,4.0
If Pain Was A Person,Moneybagg Yo,96,54,54,2,1,08Uu8bkE5fuHbjhnZFsyoz,0.584,0.611,0.0,-8.692,1.0,0.52,0.0694,0.0,0.453,0.798,144.347,240918.0,4.0
It's The Most Wonderful Time Of The Year,Andy Williams,28,5,5,21,1,5hslUAKq9I9CG2bAulFkHN,0.24,0.598,7.0,-8.435,1.0,0.0369,0.766,0.0,0.117,0.776,201.629,151933.0,3.0
Jingle Bell Rock,Bobby Helms,15,3,3,36,1,7vQbuQcyTflfCIOu3Uzzya,0.754,0.424,2.0,-8.463,1.0,0.0363,0.643,0.0,0.0652,0.806,119.705,130973.0,4.0
Just Say Det,Moneybagg Yo,82,0,82,1,1,1X5qFwlfEX1cHpp08hiGlw,0.855,0.576,1.0,-8.501,1.0,0.38,0.0625,0.0,0.213,0.324,140.022,144033.0,4.0
Just The Way,Parmalee x Blanco Brown,35,40,35,9,1,7BqBn9nzAq8spo5e7cZ0dJ,0.637,0.843,5.0,-5.413,1.0,0.0432,0.0151,0.0,0.0876,0.434,109.012,220733.0,4.0
Kacey Talk,YoungBoy Never Broke Again,98,0,50,16,1,1SF8piqsZWn86DajVKih8F,0.877,0.607,10.0,-7.818,0.0,0.15,0.535,0.0,0.138,0.773,127.055,151249.0,4.0
Kanye Krazy,Lil Durk,91,0,91,1,1,4m5sWoIMKI8yi4b6eMGhle,0.759,0.582,5.0,-6.469,0.0,0.0808,0.0497,1.49e-06,0.096,0.366,85.498,145965.0,4.0
Kings & Queens,Ava Max,48,41,13,27,1,7a53HqqArd4b9NF4XAmlbI,0.637,0.69,1.0,-4.057,0.0,0.0405,0.00786,0.0,0.124,0.457,129.857,162399.0,4.0
Kiss Me More,Doja Cat Featuring SZA,5,5,5,5,1,748mdHapucXQri7IAO8yFK,0.762,0.701,8.0,-3.541,1.0,0.0286,0.235,0.000158,0.123,0.742,110.968,208867.0,4.0
La Noche de Anoche,Bad Bunny & Rosalia,73,68,53,9,1,2XIc1pqjXV3Cr2BQUGNBck,0.856,0.618,7.0,-4.892,1.0,0.286,0.0303,0.0,0.0866,0.391,81.993,203201.0,4.0
Lady,Brett Young,55,60,55,9,1,3ySLzrN7950dpf1ncttONO,0.408,0.523,7.0,-8.001,1.0,0.0353,0.417,9.58e-06,0.0877,0.428,169.954,193416.0,4.0
Laugh Now Cry Later,Drake Featuring Lil Durk,47,39,2,29,1,2SAqBLGA283SUiwJ3xOUVI,0.761,0.518,0.0,-8.871,1.0,0.134,0.244,3.47e-05,0.107,0.522,133.976,261493.0,4.0
Leave The Door Open,Silk Sonic (Bruno Mars & Anderson .Paak),2,2,1,9,1,7MAibcTli4IisCtbHKrGMh,0.586,0.616,5.0,-7.964,1.0,0.0324,0.182,0.0,0.0927,0.719,148.088,242096.0,4.0
Lemon Pepper Freestyle,Drake Featuring Rick Ross,70,70,3,5,1,4FRW5Nza1Ym91BGV4nFWXI,0.77,0.637,1.0,-5.53,1.0,0.345,0.103,0.0,0.171,0.431,94.966,383037.0,4.0
Lemonade,Internet Money & Gunna Featuring Don Toliver & NAV,38,34,6,29,1,02kDW379Yfd5PzW5A6vuGt,0.799,0.66,1.0,-6.153,0.0,0.079,0.256,0.0,0.111,0.471,140.04,195429.0,4.0
Let It Go,DJ Khaled Featuring Justin Bieber & 21 Savage,94,54,54,2,1,1cEhrSF6EylAEqdhUGuNpX,0.877,0.444,8.0,-7.547,1.0,0.172,0.24,0.0,0.169,0.658,129.06,165527.0,4.0
"Let It Snow, Let It Snow, Let It Snow",Dean Martin,41,8,8,14,1,2uFaJJtFpPDc5Pa95XzTvg,0.451,0.24,1.0,-14.014,1.0,0.0351,0.912,2.45e-06,0.175,0.701,134.009,117147.0,4.0
Levitating,Dua Lipa Featuring DaBaby,2,4,2,32,1,463CkQjx2Zk1yXoBuierM9,0.702,0.825,6.0,-3.787,0.0,0.0601,0.00883,0.0,0.0674,0.915,102.977,203064.0,4.0
Life's A Mess II,"Juice WRLD, Clever & Post Malone",97,0,97,1,1,4O3RwH1TFG1EjPezLIYehI,0.53,0.37,6.0,-9.989,1.0,0.0279,0.806,0.0,0.112,0.701,140.061,206734.0,4.0
Lifestyle,Jason Derulo Featuring Adam Levine,81,71,71,5,1,0osvOdeD3YXZiWkT8MKolJ,0.749,0.674,10.0,-5.128,0.0,0.0366,0.0209,0.0,0.169,0.711,123.055,153865.0,4.0
Like I Want You,Giveon,87,0,87,4,1,6qBFSepqLCuh5tehehc1bd,0.678,0.355,10.0,-7.757,0.0,0.0627,0.759,7.06e-05,0.114,0.438,119.772,260776.0,3.0
Lil Bit,Nelly & Florida Georgia Line,60,61,60,8,1,0NmuYnjETG3u3qx0OmEJev,0.707,0.689,4.0,-7.097,0.0,0.0387,0.0255,0.0,0.383,0.41,119.987,195962.0,4.0
Livin' The Dream,Morgan Wallen,74,0,74,2,1,2L4YgbxxwmwafMqLIjSx8q,0.621,0.754,7.0,-5.904,0.0,0.0269,0.575,0.00484,0.213,0.441,127.036,239120.0,4.0
Lo Vas A Olvidar,Billie Eilish & ROSALIA,62,0,62,1,1,0psS4i5YooJrXfDnGvWRLi,0.343,0.243,4.0,-14.66,0.0,0.0777,0.721,0.00198,0.0668,0.032,135.154,203464.0,4.0
Lonely,Justin Bieber & benny blanco,41,30,12,20,1,4y4spB9m0Q6026KfkAvy9Q,0.631,0.239,11.0,-7.071,0.0,0.0398,0.864,0.0,0.116,0.0927,79.859,149297.0,4.0
Long Live,Florida Georgia Line,52,60,48,9,1,0YfRAYTNTNszGg8VARrSIH,0.611,0.846,7.0,-3.548,1.0,0.0374,0.178,0.0,0.12,0.544,129.961,153253.0,4.0
Lost,NF Featuring Hopsin,79,0,79,1,1,3GZD6HmiNUhxXYf8Gch723,0.913,0.603,8.0,-4.892,1.0,0.226,0.0272,0.000503,0.167,0.497,123.061,234093.0,4.0
Love Story (Taylor's Version),Taylor Swift,52,0,11,2,1,5RaBeejGtdPEszYEKYECs2,0.669,0.56,11.0,-8.285,0.0,0.0352,0.00215,3.23e-05,0.264,0.155,123.068,211857.0,4.0
Love You Different,Justin Bieber Featuring BEAM,84,0,84,1,1,27UcQ6dAvQrgH9C880rCM3,0.759,0.584,8.0,-6.655,1.0,0.06,0.0652,1.59e-06,0.16,0.374,127.138,186696.0,4.0
Love You Like I Used To,Russell Dickerson,56,60,31,20,1,1D7cfiC5mxqHfTCcOiRBej,0.501,0.788,10.0,-4.624,1.0,0.0415,0.12,0.0,0.137,0.61,152.047,186613.0,4.0
Loved By You,Justin Bieber Featuring Burna Boy,87,0,87,1,1,2tB9OFgAHjAds3cqquLlvp,0.79,0.724,1.0,-6.972,1.0,0.0852,0.0696,2.33e-06,0.113,0.642,101.04,159250.0,4.0
M3tamorphosis,Playboi Carti Featuring Kid Cudi,99,0,99,1,1,7zLMYtNJcabv4h4wBnjNQI,0.657,0.604,0.0,-6.045,1.0,0.0374,0.0213,0.0,0.156,0.122,73.933,312257.0,4.0
Made For You,Jake Owen,42,43,42,9,1,7vF3xkCMvZjAe2nTWY0uQZ,0.581,0.441,1.0,-6.829,1.0,0.0268,0.77,2.75e-05,0.111,0.337,82.125,238400.0,4.0
Masterpiece,DaBaby,74,71,55,9,1,26UxwWl9xCb83OynXELJcL,0.781,0.726,0.0,-4.213,1.0,0.0836,0.0299,0.0,0.093,0.436,139.988,181714.0,4.0
Met Him Last Night,Demi Lovato Featuring Ariana Grande,93,61,61,2,1,0BI0hfbmqybnd3TezrDME3,0.538,0.512,4.0,-4.548,0.0,0.0262,0.22,0.0,0.101,0.12,144.978,204632.0,4.0
Midnight Sky,Miley Cyrus,98,71,14,20,1,27ycaQnQAxaPiyeg3nr2aB,0.705,0.814,4.0,-5.466,0.0,0.0346,0.00115,0.00312,0.203,0.259,110.0,223279.0,4.0
Minimum Wage,Blake Shelton,96,0,96,1,1,4ijajhHtBsOn91S4dgkhu7,0.546,0.934,4.0,-3.796,1.0,0.0643,0.00187,0.0,0.062,0.775,89.972,228187.0,4.0
Miss The Rage,Trippie Redd & Playboi Carti,11,0,11,1,1,2BITQ360Knh6qNAOqR7Dyq,0.584,0.859,8.0,-5.616,1.0,0.121,0.0144,0.0,0.847,0.369,77.005,236883.0,4.0
Momma's House,Dustin Lynch,62,67,62,9,1,51FVpJr3WL7vvdfCa7j2jr,0.633,0.858,11.0,-3.509,0.0,0.0356,0.278,0.0,0.315,0.541,119.998,220160.0,4.0
Monster,Shawn Mendes & Justin Bieber,67,55,8,9,1,2UREu1Y8CO4jXkbvqAtP7g,0.64,0.957,8.0,-2.336,1.0,0.0741,0.0431,0.0,0.0789,0.692,134.992,178013.0,4.0
Monsters,All Time Low Featuring Demi Lovato & blackbear ,55,59,55,9,1,0tyR7Bu9P086aWBFZ4QJoo,0.369,0.845,0.0,-3.449,0.0,0.0611,0.0493,0.0,0.416,0.782,78.532,174068.0,4.0
Montero (Call Me By Your Name),Lil Nas X,10,9,1,7,1,67BtfxlNbhBmCDR2L2l8qd,0.61,0.508,8.0,-6.682,0.0,0.152,0.297,0.0,0.384,0.758,178.818,137876.0,4.0
Mood,24kGoldn Featuring iann dior,24,24,1,40,1,4jPy3l0RUwlUI9T5XHBW2m,0.701,0.716,7.0,-3.671,0.0,0.0361,0.174,0.0,0.324,0.732,91.007,140533.0,4.0
Moonwalking In Calabasas,DDG,83,81,81,9,1,7o4gBbTM6UBLkOYPw9xMCz,0.928,0.341,11.0,-10.196,0.0,0.103,0.0614,0.0,0.162,0.745,129.966,170233.0,4.0
More Surprised Than Me,Morgan Wallen,66,0,66,1,1,5NhcE6cuJjVYyVEKp97zOt,0.516,0.748,6.0,-6.049,1.0,0.0289,0.241,0.0,0.123,0.433,85.004,157440.0,4.0
More Than My Hometown,Morgan Wallen,38,30,15,32,1,5OELUCYgOHKFAvCERnAvfS,0.62,0.869,6.0,-5.479,1.0,0.0462,0.615,0.0,0.131,0.597,126.019,216573.0,4.0
Mr. Perfectly Fine (Taylor's Version) (From The Vault),Taylor Swift,90,30,30,3,1,1HS7P1v50YmX12LCEmlF0F,0.66,0.817,11.0,-6.269,0.0,0.0521,0.162,0.0,0.0667,0.714,135.942,277592.0,4.0
Mr. Right Now,21 Savage & Metro Boomin Featuring Drake,100,80,10,18,1,4Q34FP1AT7GEl9oLgNtiWj,0.647,0.667,5.0,-5.563,1.0,0.304,0.231,0.0,0.133,0.704,172.08,193839.0,4.0
My Ex's Best Friend,Machine Gun Kelly X blackbear,20,21,20,39,1,7kDUspsoYfLkWnZR7qwHZl,0.731,0.675,5.0,-5.134,0.0,0.0434,0.00473,0.0,0.141,0.298,124.939,139461.0,4.0
My Head And My Heart,Ava Max,63,57,45,9,1,7ckI3ETGDnm48HsZOCpikz,0.623,0.869,9.0,-8.018,0.0,0.0491,0.0417,1.03e-05,0.224,0.585,116.008,176224.0,4.0
Neighbors,Pooh Shiesty Featuring BIG30,97,92,51,7,1,0utlOiJy2weVl9WTkcEWHy,0.898,0.283,6.0,-12.335,0.0,0.356,0.319,0.000383,0.11,0.469,138.97,216520.0,4.0
Neon Eyes,Morgan Wallen,63,0,63,1,1,3kOi5KZTcCOdqFlUjF9CDZ,0.576,0.843,11.0,-5.26,0.0,0.029,0.0214,8.04e-05,0.157,0.628,126.009,226147.0,4.0
Never Left,Lil Tecca,56,0,56,1,1,21UkXrc9kD48rNpTMI2ecz,0.807,0.659,11.0,-6.92,1.0,0.332,0.0224,0.0,0.309,0.438,82.465,168727.0,4.0
New N3on,Playboi Carti,92,0,92,1,1,7ejepEh5DJ79YI6owGRfkk,0.888,0.833,6.0,-6.546,0.0,0.0737,0.0631,0.0,0.106,0.948,130.054,116361.0,4.0
No More Parties,Coi Leray Featuring Lil Durk,34,39,26,9,1,3R6wLBD4oU6op8L4YfMho9,0.847,0.405,11.0,-10.901,1.0,0.584,0.232,5.37e-06,0.0944,0.588,156.999,140920.0,4.0
Nobody,Dylan Scott,69,86,69,9,1,6bTn1ovliI0OkjUNkiMBJq,0.398,0.716,0.0,-5.254,1.0,0.0392,0.0764,0.0,0.0848,0.494,117.295,193429.0,4.0
OMDB,Rod Wave,89,0,89,1,1,0KBa4BiUHxQNrqsaDZzUG7,0.522,0.523,1.0,-9.325,1.0,0.0538,0.183,0.0,0.122,0.184,82.408,185074.0,4.0
Off My Face,Justin Bieber,64,0,64,1,1,3T03rPwlL8NVk1yIaxeD8U,0.509,0.228,4.0,-8.68,1.0,0.0332,0.92,0.0,0.104,0.586,90.674,156468.0,4.0
On Me,Lil Baby,30,29,29,9,1,4Iedi94TIaB2GGb1nMB68v,0.856,0.564,6.0,-6.295,0.0,0.392,0.00327,0.0,0.134,0.483,77.972,135960.0,4.0
On The Ground,ROSE,70,0,70,1,1,2pn8dNVSpYnAtlKFC8Q0DJ,0.311,0.607,1.0,-6.578,1.0,0.11,0.0174,0.0,0.131,0.286,188.7,168086.0,4.0
One Too Many,Keith Urban Duet With P!nk,92,94,62,9,1,5NUXE8W12lWcUXgJRCjeEw,0.697,0.535,4.0,-6.504,1.0,0.068,0.247,0.0,0.569,0.594,82.959,203893.0,4.0
Only Thing That's Gone,Morgan Wallen Featuring Chris Stapleton,90,0,90,1,1,0CfPMZ1DSdzglsMRpLDM2H,0.5,0.803,2.0,-4.591,1.0,0.032,0.11,2.12e-05,0.296,0.451,150.058,196707.0,4.0
Only Wanna Be With You,Post Malone,74,0,74,1,1,1OFKUn2VLafrHj7ybnap0Q,0.49,0.873,6.0,-5.861,1.0,0.0355,0.107,5.19e-06,0.118,0.513,103.272,229587.0,4.0
Opp Stoppa,YBN Nahmir Featuring 21 Savage,95,86,78,6,1,59fFsGRwFiuhxKDPc1k6xW,0.829,0.343,2.0,-4.937,0.0,0.102,0.00734,0.0,0.179,0.312,78.035,135431.0,4.0
Outlaw,Morgan Wallen Featuring Ben Burgess,86,0,86,1,1,2NK6dtSujGIyilnEgbw8MX,0.505,0.63,7.0,-5.758,1.0,0.0274,0.572,0.0,0.121,0.247,85.036,229747.0,4.0
Paid The Fine,Young Thug & Gunna Featuring Lil Baby & YTB Trench,77,0,77,1,1,0GqaZ1L5KAXMNngAZbGvLf,0.484,0.596,1.0,-8.523,1.0,0.424,0.0299,0.0,0.119,0.21,81.86,201547.0,4.0
Party Up (Up In Here),DMX,40,0,27,22,1,4AIHPdr6x3qNbxTR8ngWdQ,0.554,0.941,11.0,-2.68,1.0,0.339,0.065,0.0,0.19,0.409,100.801,228400.0,4.0
Peaches,Justin Bieber Featuring Daniel Caesar & Giveon,3,3,1,8,1,4iJyoBOLtHqaGxP12qzhQI,0.677,0.696,0.0,-6.181,1.0,0.119,0.321,0.0,0.42,0.464,90.03,198082.0,4.0
Pick Up Your Feelings,Jazmine Sullivan,83,75,75,9,1,2JLVZYEMmqPWbUoAJAMKfm,0.729,0.414,7.0,-6.138,0.0,0.0565,0.291,0.0,0.0793,0.565,85.729,232096.0,3.0
Pills & Billz,Rod Wave,85,0,85,1,1,7BG9FMjUVSCbVSCqP4drUU,0.725,0.548,5.0,-9.406,1.0,0.23,0.162,0.0,0.182,0.696,160.858,155031.0,4.0
Positions,Ariana Grande,37,37,1,29,1,35mvY5S1H3J2QZyna3TFe0,0.737,0.802,0.0,-4.771,1.0,0.0878,0.468,0.0,0.0931,0.682,144.015,172325.0,4.0
Pretty Heart,Parker McCollum,37,40,36,22,1,6vC90OOjZR165Hw8CpsqEm,0.562,0.683,7.0,-4.427,1.0,0.0296,0.00531,0.0,0.107,0.385,132.003,244798.0,4.0
Prisoner,Miley Cyrus Featuring Dua Lipa,79,73,54,9,1,5JqZ3oqF00jkT81foAFvqg,0.781,0.67,3.0,-3.912,0.0,0.0452,0.0103,0.0,0.0761,0.595,127.99,169333.0,4.0
Proud Of You,Young Thug Featuring Lil Uzi Vert & Yung Kayo,59,0,59,1,1,16eZmQoeajKH8G2nPe2chk,0.848,0.451,5.0,-7.539,0.0,0.228,0.0208,0.0,0.194,0.223,135.941,211733.0,4.0
Provide,G-Eazy Featuring Chris Brown & Mark Morrison,64,0,64,1,1,0tQmgwFKw9069z1BXniOiA,0.652,0.803,9.0,-4.116,0.0,0.238,0.0165,0.0,0.307,0.661,95.025,186350.0,4.0
Put Your Records On,Ritt Momney,43,43,30,25,1,6AGOKlMZWLCaEJGnaROtF9,0.399,0.491,6.0,-10.778,0.0,0.0538,0.0563,0.00089,0.11,0.151,91.066,210463.0,4.0
Quicksand,Morray,73,83,73,9,1,4iCZ6Cr76For1TuHUQ90r8,0.901,0.656,4.0,-7.452,0.0,0.277,0.0807,0.0,0.181,0.599,119.956,224933.0,4.0
Ramen & OJ,Joyner Lucas & Lil Baby,75,67,67,2,1,4TIqzdAssasqx3DAe6cG9J,0.597,0.571,1.0,-6.205,0.0,0.293,0.492,0.0,0.093,0.165,106.196,218448.0,3.0
Rapstar,Polo G,7,6,1,5,1,43PGPuHIlVOc04jrZVh9L6,0.789,0.536,6.0,-6.862,1.0,0.242,0.41,0.0,0.129,0.437,81.039,165926.0,4.0
Real As It Gets,Lil Baby Featuring EST Gee,100,83,34,6,1,7eX3um6NpOQKWJMGCi97XD,0.779,0.705,6.0,-5.891,0.0,0.163,0.00471,0.0,0.0971,0.196,140.005,192804.0,4.0
Redman,Lil Durk,71,0,71,1,1,6ryWmFIfWRxIuqmUPtKIDh,0.74,0.511,9.0,-10.507,0.0,0.262,0.481,0.0,0.12,0.841,160.017,95915.0,4.0
Refugee,Lil Durk,86,0,86,1,1,4mcZYzoGwPRDdhWVlygiHf,0.579,0.705,6.0,-4.911,0.0,0.0339,0.0273,0.0,0.0704,0.761,116.173,201693.0,4.0
Reminds Me Of You,The Kid LAROI & Juice WRLD,99,0,89,2,1,5YSHygGN9D0mID1NsVd5my,0.613,0.631,4.0,-6.965,1.0,0.12,0.0663,0.0,0.169,0.33,149.992,158033.0,4.0
Richer,Rod Wave Featuring Polo G,97,91,22,7,1,7HsjuVBM93Z2RoxjpWLgTT,0.726,0.411,1.0,-12.929,1.0,0.0671,0.438,0.0,0.087,0.734,137.905,190459.0,3.0
Rockin' Around The Christmas Tree,Brenda Lee,12,2,2,39,1,2EjXfH91m7f8HiJN1yQg97,0.589,0.472,8.0,-8.749,1.0,0.0502,0.614,0.0,0.505,0.898,67.196,126267.0,4.0
Rockstar,DaBaby Featuring Roddy Ricch,49,44,1,42,1,7ytR5pFWmSjzHJIeQkgog4,0.746,0.69,11.0,-7.956,1.0,0.164,0.247,0.0,0.101,0.497,89.977,181733.0,4.0
Ruff Ryders' Anthem,DMX,16,0,16,5,1,1BKT2I9x4RGKaKqW4up34s,0.88,0.577,10.0,-8.093,0.0,0.302,0.0564,1.02e-06,0.201,0.74,90.991,214440.0,4.0
Run It Up,Lil Tjay Featuring Offset & Moneybagg Yo,93,79,50,3,1,1dg3qy5DjoJodawfOCgrTP,0.88,0.575,6.0,-6.091,1.0,0.163,0.415,0.0,0.109,0.671,120.031,232048.0,4.0
Run Rudolph Run,Chuck Berry,29,10,10,9,1,2pnPe4pJtq7689i5ydzvJJ,0.681,0.715,7.0,-10.609,0.0,0.0912,0.812,9.43e-06,0.0777,0.957,152.132,165733.0,4.0
Sand In My Boots,Morgan Wallen,72,68,32,9,1,0uRrG2jRR5tuifsYIJHEao,0.403,0.537,3.0,-6.628,1.0,0.031,0.59,0.0,0.112,0.414,69.877,202133.0,4.0
Savage Love (Laxed - Siren Beat),Jawsh 685 x Jason Derulo,51,48,1,31,1,1xQ6trAsedVPCdbtDAmk0c,0.767,0.481,0.0,-8.52,0.0,0.0803,0.234,0.0,0.269,0.761,150.076,171375.0,4.0
Save Your Tears,The Weeknd & Ariana Grande,4,8,4,9,1,5QO79kh1waicV47BqGRL3g,0.68,0.826,0.0,-5.487,1.0,0.0309,0.0212,1.24e-05,0.543,0.644,118.051,215627.0,4.0
Settling Down,Miranda Lambert,49,56,49,9,1,53bZYxVbCYm6w1Gx8U64bz,0.643,0.756,6.0,-5.8,0.0,0.0305,0.0215,0.000268,0.101,0.934,90.001,197453.0,4.0
Shock Da World,Rod Wave,96,0,96,1,1,1Thr5Yh8gHXeCSOpi2icWv,0.693,0.53,1.0,-10.27,1.0,0.14,0.0213,2.18e-06,0.109,0.535,81.963,204171.0,4.0
Shottas (Lala),Moneybagg Yo,72,62,35,3,1,2Ox2c1WEJDeQCHTXPE3YKM,0.925,0.463,6.0,-9.309,0.0,0.454,0.0681,0.0,0.101,0.961,133.061,122729.0,4.0
Should've Ducked,Lil Durk Featuring Pooh Shiesty,53,0,53,1,1,2tKkPDbXCDZzhpJgY338dt,0.787,0.654,11.0,-5.142,0.0,0.336,0.00897,0.0,0.309,0.487,144.906,192052.0,4.0
Shy Away,twenty one pilots,87,0,87,1,1,2z0IupRlVRlDN5r2IVqHyN,0.588,0.856,9.0,-5.242,0.0,0.0316,0.000818,0.0739,0.238,0.635,96.966,175044.0,4.0
Single Saturday Night,Cole Swindell,80,95,80,2,1,1irAliF0T8sLIOPJp6n7rU,0.623,0.79,7.0,-5.07,1.0,0.0473,0.118,0.0,0.226,0.694,81.949,187684.0,4.0
Ski,Young Thug & Gunna,51,48,18,4,1,6755DFiZ7CWe2WMdTGW5C1,0.953,0.621,8.0,-7.638,0.0,0.221,0.017,0.0,0.0398,0.883,123.016,152333.0,4.0
Skin,Sabrina Carpenter,99,89,48,3,1,03B2SfXuvDh1m9F4tqrX07,0.557,0.457,7.0,-5.372,1.0,0.0335,0.428,0.0,0.0567,0.328,105.918,177500.0,4.0
Slatty,Young Thug & Gunna Featuring Yak Gotti & Lil Duke,99,0,99,1,1,0ky8syPEVEfD7qCxMTW49X,0.814,0.531,1.0,-7.56,1.0,0.0884,0.000544,7.26e-06,0.103,0.18,130.02,290280.0,4.0
Slay3r,Playboi Carti,72,0,72,1,1,1eMNW1HQjF1dbb4GtnmpaX,0.885,0.661,4.0,-5.062,0.0,0.141,0.165,0.0,0.334,0.436,140.028,164591.0,4.0
Sneaky Links,Rod Wave,98,0,98,1,1,1y5vxuMfT7g0b06wKAqbyH,0.676,0.561,0.0,-8.947,0.0,0.069,0.471,0.0,0.0829,0.587,148.93,178792.0,4.0
So Done,The Kid LAROI,80,96,59,9,1,5psEZhQu6lukjhavJo4AbC,0.719,0.598,9.0,-6.254,1.0,0.077,0.232,0.0,0.115,0.303,142.592,126521.0,4.0
Solid,Young Thug & Gunna Featuring Drake,57,52,12,4,1,6rTInqW3YECMkQsBEHw4sd,0.887,0.485,11.0,-9.358,0.0,0.2,0.0392,0.0,0.141,0.328,125.987,215693.0,4.0
Some Girls,Jameson Rodgers,85,0,29,17,1,54eUv9Q3D9MZuOGS5PSflp,0.429,0.831,8.0,-5.108,1.0,0.0473,0.0781,0.0,0.312,0.348,167.984,184893.0,4.0
Somebody,Justin Bieber,91,0,91,1,1,4wCmqSrbyCgxEXROQE6vtV,0.864,0.495,0.0,-7.036,1.0,0.037,0.591,0.000133,0.0992,0.72,129.062,244973.0,4.0
Somebody Like That,Tenille Arts,67,71,67,9,1,3hboOw4dS0aXGuP0fyyvbC,0.574,0.798,6.0,-5.356,1.0,0.0485,0.0152,0.0,0.111,0.58,105.034,198209.0,4.0
Somebody's Problem,Morgan Wallen,52,48,25,9,1,0SErdEdRcVX1uJCf1eTGYH,0.657,0.54,5.0,-7.675,1.0,0.0287,0.662,0.0,0.123,0.625,136.97,161773.0,4.0
Sorry Not Sorry,"DJ Khaled Featuring Nas, JAY-Z & James Fauntleroy",30,0,30,1,1,0yvPEnB032fojLfVluFjUv,0.706,0.643,11.0,-6.929,0.0,0.234,0.0242,0.0,0.262,0.885,143.931,203760.0,4.0
SoulFly,Rod Wave,55,0,55,1,1,31IfCad1R5g6xqsfdrKwnE,0.498,0.517,6.0,-11.403,0.0,0.262,0.211,0.0,0.339,0.405,109.716,188969.0,5.0
Starting Over,Chris Stapleton,45,42,25,34,1,3TNSVsiFngfe68UJpMq1oS,0.638,0.538,10.0,-8.445,1.0,0.0315,0.452,0.000415,0.0695,0.318,89.124,240413.0,4.0
Stay Down,"Lil Durk, 6LACK & Young Thug",87,0,73,4,1,6w4PV16oMh5I6ZOCvig0hK,0.813,0.57,3.0,-8.409,0.0,0.265,0.0909,0.0,0.0982,0.676,109.07,169330.0,4.0
Still Goin Down,Morgan Wallen,94,76,45,8,1,096YtKWNRXdmYKFLelSBto,0.58,0.751,7.0,-5.078,1.0,0.0267,0.49,0.0,0.277,0.718,148.108,186293.0,4.0
Still Trappin',Lil Durk & King Von,86,87,53,9,1,43BlKpJcSrC9AsJ3F1DKg9,0.877,0.677,5.0,-4.969,0.0,0.356,0.0439,0.0,0.0986,0.627,144.941,172185.0,4.0
Street Runner,Rod Wave,73,68,16,9,1,45kgqMRkC29qjBlzeaJcad,0.613,0.61,5.0,-8.633,0.0,0.246,0.211,0.000361,0.152,0.433,160.004,252021.0,4.0
Streets,Doja Cat,18,26,18,9,1,60ynsPSSKe6O3sfwRnIBRf,0.749,0.463,11.0,-8.433,1.0,0.0828,0.208,0.0371,0.337,0.19,90.028,226987.0,4.0
Take Me Home For Christmas,Dan + Shay,89,48,48,4,1,72HP2M4jjw4t0AIGdEVGEF,0.694,0.769,6.0,-4.665,1.0,0.0325,0.163,0.0,0.0976,0.663,93.033,203880.0,4.0
Take You Dancing,Jason Derulo,78,78,57,8,1,59qrUpoplZxbIZxk6X0Bm3,0.789,0.711,2.0,-4.248,1.0,0.041,0.0332,0.0,0.0876,0.753,112.985,190306.0,4.0
Tampa,Cico P,91,97,91,2,1,5jc4Qcs98R4ZDku8ictuE3,0.888,0.408,8.0,-10.162,0.0,0.487,0.164,0.0,0.0912,0.742,77.029,176160.0,4.0
Telepatia,Kali Uchis,54,56,39,9,1,6tDDoYIxWvMLTdKpjFkc1B,0.653,0.524,11.0,-9.016,0.0,0.0502,0.112,0.0,0.203,0.553,83.97,160191.0,4.0
Test Drive,Ariana Grande,61,0,61,1,1,3eZYOQO4UzKrUDYDghtnFw,0.698,0.708,9.0,-4.943,0.0,0.0454,0.0251,0.0,0.124,0.322,115.036,122174.0,4.0
Thankful,DJ Khaled Featuring Lil Wayne & Jeremih,100,0,100,1,1,5suOUHDyRxvWDYF5GA6dly,0.352,0.758,9.0,-2.491,0.0,0.0434,0.536,0.0,0.161,0.653,84.281,338637.0,4.0
The Business,Tiesto,78,83,69,9,1,6f3Slt0GbA2bPZlz0aIFXN,0.798,0.62,8.0,-7.079,0.0,0.232,0.414,0.0192,0.112,0.235,120.031,164000.0,4.0
The Christmas Song (Merry Christmas To You),Nat King Cole,44,11,11,27,1,4PS1e8f2LvuTFgUs1Cn3ON,0.319,0.21,1.0,-15.231,1.0,0.0341,0.92,8.06e-05,0.138,0.209,78.696,192160.0,4.0
The Good Ones,Gabby Barrett,48,55,48,9,1,3hLuHKzG1cmlRpq53ZVWd8,0.519,0.552,2.0,-5.023,1.0,0.0259,0.18,0.0,0.149,0.331,89.957,215141.0,4.0
The Way I Loved You (Taylor's Version),Taylor Swift,94,0,94,1,1,2Ks3xzx2GVndh0gzpEa4hG,0.402,0.732,5.0,-4.665,1.0,0.0484,0.0033,0.0,0.108,0.472,161.032,243137.0,4.0
Therefore I Am,Billie Eilish,14,18,2,9,1,54bFM56PmE4YLRnqpW6Tha,0.889,0.34,11.0,-7.773,0.0,0.0697,0.218,0.13,0.055,0.716,94.009,174321.0,4.0
This Bar,Morgan Wallen,92,0,92,1,1,075qcpR3BnxD5CWUIx1HTr,0.553,0.884,2.0,-5.306,1.0,0.0771,0.0921,0.00033,0.0463,0.248,110.074,185280.0,4.0
Throat Baby (Go Baby),BRS Kash,50,46,24,22,1,15C4TnrrVdym7UykxQIOTZ,0.878,0.475,1.0,-8.42,0.0,0.324,0.00984,0.0,0.167,0.397,131.988,211610.0,4.0
Time Today,Moneybagg Yo,49,58,37,9,1,0YrKSfpvflYnLSBd4Jtu6J,0.912,0.608,1.0,-7.686,1.0,0.397,0.0458,0.0,0.248,0.327,136.994,136900.0,4.0
Tombstone,Rod Wave,63,58,11,8,1,5pRTz4O2qOkr5nawemy6Wb,0.55,0.637,8.0,-5.212,1.0,0.163,0.597,0.0,0.129,0.535,84.448,160078.0,4.0
Took Her To The O,King Von,86,94,47,8,1,7fEoXCZTZFosUFvFQg1BmW,0.82,0.592,1.0,-7.002,1.0,0.29,0.0149,4.71e-06,0.121,0.4,159.98,196180.0,4.0
Track Star,Mooski,37,35,35,9,1,5hChuUMe5iHfjkXgzj1D4b,0.641,0.598,7.0,-5.7,0.0,0.324,0.381,0.0,0.0921,0.285,131.459,199706.0,5.0
Tyler Herro,Jack Harlow,94,78,34,20,1,4DuUwzP4ALMqpquHU0ltAB,0.794,0.756,5.0,-7.16,0.0,0.136,0.11,0.0,0.247,0.775,123.066,156498.0,4.0
Underneath The Tree,Kelly Clarkson,50,12,12,10,1,3YZE5qDV7u1ZD1gZc47ZeR,0.509,0.812,8.0,-5.439,1.0,0.0537,0.00128,1.99e-05,0.214,0.689,159.878,229640.0,4.0
Undivided,Tim McGraw & Tyler Hubbard,100,0,76,2,1,2DINVEELpI3ibUW2EzeDs7,0.583,0.812,10.0,-4.684,1.0,0.0299,0.131,0.0,0.201,0.408,89.992,175921.0,4.0
Unstable,Justin Bieber Featuring The Kid LAROI,62,0,62,1,1,137mSruegm1u6x9NvwiagR,0.495,0.333,4.0,-10.109,0.0,0.0288,0.737,0.0,0.112,0.37,99.757,158324.0,4.0
Up,Cardi B,4,4,1,9,1,1XXimziG1uhM0eDNCZCrUl,0.868,0.795,11.0,-6.044,1.0,0.269,0.0012,0.0193,0.0461,0.819,166.0,156945.0,4.0
Vamp Anthem,Playboi Carti,90,0,90,1,1,4CzhtKifG867Lu5DNQVBSA,0.642,0.69,11.0,-5.101,1.0,0.261,0.00599,1.3e-06,0.322,0.641,164.075,124094.0,4.0
WAP,Cardi B Featuring Megan Thee Stallion,50,48,1,24,1,4Oun2ylbjFKMPTiaSbbCih,0.935,0.454,1.0,-7.509,1.0,0.375,0.0194,0.0,0.0824,0.357,133.073,187541.0,4.0
Wants And Needs,Drake Featuring Lil Baby,42,39,2,9,1,65OVbaJR5O1RmwOQx0875b,0.578,0.449,1.0,-6.349,1.0,0.286,0.0618,2.17e-06,0.119,0.1,136.006,192956.0,4.0
Warning,Morgan Wallen,93,79,42,5,1,64SCQtbRtmO28ks1QhS3w5,0.633,0.664,10.0,-5.037,1.0,0.0294,0.46,0.0,0.108,0.268,115.058,156747.0,4.0
Wasted On You,Morgan Wallen,64,62,9,9,1,3cBsEDNhFI9E82vPj3kvi3,0.505,0.657,11.0,-5.24,0.0,0.0318,0.373,0.00107,0.126,0.252,196.0,178520.0,3.0
Watermelon Sugar,Harry Styles,42,47,1,39,1,6UelLqGlWMcVH1E5c4H7lY,0.548,0.816,0.0,-4.209,1.0,0.0465,0.122,0.0,0.335,0.557,95.39,174000.0,4.0
Way Less Sad,AJR,85,99,85,3,1,4jbtL4tjkqghUvJknUqU1s,0.701,0.547,2.0,-8.238,1.0,0.0483,0.00843,0.0,0.0987,0.4,140.015,206108.0,4.0
Way Out,Jack Harlow Featuring Big Sean,83,98,74,4,1,6rLi6PyWXu1rPlShuIZpj6,0.945,0.582,11.0,-8.357,0.0,0.0719,0.114,0.0,0.103,0.907,108.025,168906.0,4.0
We're Good,Dua Lipa,45,42,42,9,1,1diS6nkxMQc3wwC4G1j0bh,0.722,0.588,6.0,-5.932,1.0,0.0544,0.0319,0.0,0.183,0.59,134.01,165507.0,4.0
What It Feels Like,Nipsey Hussle & JAY-Z,51,0,51,1,1,7Ei7kZxjEw9d76cEDxoxua,0.394,0.734,1.0,-4.574,0.0,0.185,0.0329,1.26e-06,0.109,0.0778,86.897,275163.0,4.0
What You Know Bout Love,Pop Smoke,28,26,9,36,1,1tkg4EHVoqnhR6iFEXb60y,0.709,0.548,10.0,-8.493,1.0,0.353,0.65,1.59e-06,0.133,0.543,83.995,160000.0,4.0
What You Need,Don Toliver,82,0,82,1,1,6LcX2hBbXaJcK4AuefE936,0.664,0.655,10.0,-7.327,0.0,0.0461,0.059,2.4e-05,0.17,0.13,129.987,217609.0,4.0
What's Love??,Rod Wave,94,0,94,1,1,1snCyfUEoAFGMRzeGrwdio,0.492,0.359,8.0,-12.047,0.0,0.187,0.819,0.0,0.0962,0.649,153.738,178854.0,3.0
What's Next,Drake,45,30,1,9,1,3mDFLytDotXo2p0rvfGbkA,0.777,0.58,0.0,-6.928,0.0,0.0525,0.0125,0.0,0.161,0.0636,129.918,178154.0,4.0
What's Your Country Song,Thomas Rhett,56,54,54,9,1,65tP0mThMEaHbVIzdYHZYw,0.359,0.706,5.0,-6.151,1.0,0.0309,0.000602,0.0,0.285,0.479,174.079,171333.0,4.0
Whats Poppin,"Jack Harlow Featuring DaBaby, Tory Lanez & Lil Wayne",49,44,2,51,1,1jaTQ3nqY3oAAYyCTbIvnM,0.923,0.604,11.0,-6.671,0.0,0.245,0.017,0.0,0.272,0.826,145.062,139741.0,4.0
Whiskey'd My Way,Morgan Wallen,83,0,83,1,1,6HsXpHn2s6S9arU3Wy7ndc,0.443,0.518,2.0,-6.373,1.0,0.0266,0.603,0.00225,0.0984,0.323,185.764,180787.0,3.0
Whoopty,CJ,21,27,21,9,1,5vGLcdRuSbUhD8ScwsGSdA,0.719,0.648,3.0,-7.6,0.0,0.125,0.2,0.0,0.127,0.66,140.201,123263.0,4.0
Willow,Taylor Swift,29,29,1,9,1,0lx2cLdOt3piJbcaXIV74f,0.392,0.574,7.0,-9.195,1.0,0.17,0.833,0.00179,0.145,0.529,81.112,214707.0,4.0
Without You,The Kid LAROI,52,47,47,9,1,27OeeYzk6klgBh83TSvGMA,0.662,0.413,0.0,-7.357,1.0,0.0299,0.213,0.0,0.134,0.467,93.005,161385.0,4.0
Wockesha,Moneybagg Yo,42,57,42,3,1,0nqhKXDjsyBMvbeWmgijD0,0.582,0.537,0.0,-9.229,1.0,0.619,0.129,0.0,0.0749,0.771,82.103,180930.0,4.0
Wonder,Shawn Mendes,91,0,18,11,1,5KCbr5ndeby4y4ggthdiAb,0.333,0.637,1.0,-4.904,0.0,0.0581,0.131,1.8e-05,0.149,0.132,139.898,172693.0,4.0
Wonderin' Bout The Wind,Morgan Wallen,93,0,93,1,1,2p6hbwOB2u5hI4Uc8FDNL3,0.481,0.715,6.0,-5.626,1.0,0.0334,0.244,0.0,0.133,0.395,90.966,182227.0,4.0
X Gon' Give It To Ya,DMX,46,0,46,17,1,1zzxoZVylsna2BQB65Ppcb,0.761,0.899,10.0,-3.09,0.0,0.183,0.0135,0.0,0.0719,0.673,95.027,217587.0,4.0
You All Over Me (Taylor's Version) (From The Vault),Taylor Swift Featuring Maren Morris,72,0,51,2,1,79TqQN2UobQQGUTMBRAlNi,0.362,0.41,2.0,-9.028,1.0,0.034,0.991,0.851,0.115,0.414,136.873,174009.0,4.0
You Belong With Me (Taylor's Version),Taylor Swift,75,0,75,1,1,4P7LVHDbzn7aI6wWRh5AHc,0.632,0.773,6.0,-4.856,1.0,0.0346,0.0623,0.0,0.0885,0.474,130.033,231124.0,4.0
You Broke Me First.,Tate McRae,39,35,17,38,1,45bE4HXI0AwGZXfZtMp8JR,0.667,0.373,4.0,-9.389,1.0,0.05,0.785,0.0,0.0906,0.0823,124.148,169266.0,4.0
You Got It,VEDO,81,85,81,9,1,4lsHZ92XCFOQfzJFBTluk8,0.762,0.433,5.0,-8.937,1.0,0.187,0.143,0.0,0.118,0.394,122.074,203145.0,4.0
You're Mines Still,Yung Bleu Featuring Drake,27,32,27,9,1,3wJ1OyP3Fugmi8t41e1zQ6,0.613,0.615,5.0,-4.859,0.0,0.107,0.308,0.0,0.107,0.342,86.782,226220.0,4.0
Your Bartender,Morgan Wallen,84,0,84,1,1,01FvQEvHETjWqcDpQDJdTb,0.555,0.771,4.0,-5.237,1.0,0.0282,0.247,7.26e-05,0.149,0.442,139.971,185093.0,4.0
Your Power,Billie Eilish,29,10,10,2,1,5qNh5WtzMbfpSj2jLlBkoD,0.634,0.285,9.0,-14.007,0.0,0.0807,0.937,0.000359,0.232,0.203,129.65,245897.0,4.0
ZaZa,6ix9ine,90,0,90,1,1,5cMoYjSCddCVVRUiVRv88q,0.764,0.725,8.0,-4.192,0.0,0.366,0.324,0.0,0.0816,0.698,175.985,115674.0,4.0
interlude,J. Cole,8,0,8,1,1,2GBjsCkCpR5w8Zri9aE49H,0.469,0.309,7.0,-13.694,1.0,0.091,0.965,0.0,0.115,0.235,112.412,52600.0,4.0
pov,Ariana Grande,55,66,40,9,1,3UoULw70kMsiVXxW0L3A33,0.487,0.534,0.0,-5.664,0.0,0.0555,0.36,0.0,0.1,0.173,131.798,201882.0,4.0
